player,position,team,adp
Bijan Robinson,RB,ATL,1.6
Jahmyr Gibbs,RB,DET,1.9
Puka Nacua,WR,LAR,2.7
Ja'Marr Chase,WR,CIN,4.0
Christian McCaffrey,RB,SF,4.9
Jaxon Smith-Njigba,WR,SEA,6.0
Amon-Ra St. Brown,WR,DET,7.5
Jonathan Taylor,RB,IND,7.7
De'Von Achane,RB,MIA,9.1
Justin Jefferson,WR,MIN,10.1
CeeDee Lamb,WR,DAL,10.6
Ashton Jeanty,RB,LV,12.3
Drake London,WR,ATL,12.6
James Cook III,RB,BUF,13.7
A.J. Brown,WR,NE,14.1
Derrick Henry,RB,BAL,15.5
Chase Brown,RB,CIN,16.0
Omarion Hampton,RB,LAC,16.2
George Pickens,WR,DAL,18.1
Saquon Barkley,RB,PHI,19.5
Chris Olave,WR,NO,21.0
Jeremiyah Love,RB,ARI,22.5
Kenneth Walker III,RB,KC,22.6
Nico Collins,WR,HOU,23.1
Zay Flowers,WR,BAL,25.1
Tee Higgins,WR,CIN,26.5
Rashee Rice,WR,KC,27.0
Garrett Wilson,WR,NYJ,27.5
DeVonta Smith,WR,PHI,28.7
Josh Jacobs,RB,GB,28.8
Trey McBride,TE,ARI,28.9
Josh Allen,QB,BUF,29.2
Breece Hall,RB,NYJ,30.5
Kyren Williams,RB,LAR,32.5
Tetairoa McMillan,WR,CAR,33.2
Javonte Williams,RB,DAL,35.0
Ladd McConkey,WR,LAC,35.9
Brock Bowers,TE,LV,36.2
Terry McLaurin,WR,WAS,36.5
Cam Skattebo,RB,NYG,37.7
Travis Etienne Jr.,RB,NO,37.7
Davante Adams,WR,LAR,40.2
Jaylen Waddle,WR,DEN,41.4
Malik Nabers,WR,NYG,43.6
Emeka Egbuka,WR,TB,45.2
Luther Burden III,WR,CHI,45.6
Colston Loveland,TE,CHI,45.8
Jameson Williams,WR,DET,46.7
Bucky Irving,RB,TB,47.3
Joe Burrow,QB,CIN,47.8
D'Andre Swift,RB,CHI,48.0
Quinshon Judkins,RB,CLE,50.1
Mike Evans,WR,SF,50.3
Tyler Warren,TE,IND,54.7
Rome Odunze,WR,CHI,54.9
Lamar Jackson,QB,BAL,55.3
David Montgomery,RB,HOU,56.0
DK Metcalf,WR,PIT,56.6
TreVeyon Henderson,RB,NE,58.1
Alec Pierce,WR,IND,60.2
Christian Watson,WR,GB,60.3
Bhayshul Tuten,RB,JAX,61.4
Dak Prescott,QB,DAL,61.5
Carnell Tate,WR,TEN,62.5
Drake Maye,QB,NE,64.5
Jaylen Warren,RB,PIT,66.2
DJ Moore,WR,BUF,66.2
Marvin Harrison Jr.,WR,ARI,66.8
Harold Fannin Jr.,TE,CLE,68.9
Sam LaPorta,TE,DET,69.8
Michael Pittman Jr.,WR,PIT,70.3
Rhamondre Stevenson,RB,NE,70.3
Parker Washington,WR,JAX,72.4
Tucker Kraft,TE,GB,73.1
Tony Pollard,RB,TEN,74.0
Courtland Sutton,WR,DEN,74.6
Patrick Mahomes,QB,KC,74.6
Jadarian Price,RB,SEA,75.2
Justin Herbert,QB,LAC,75.2
Chris Godwin Jr.,WR,TB,78.4
Rico Dowdle,RB,PIT,79.2
Michael Wilson,WR,ARI,80.9
Chuba Hubbard,RB,CAR,82.3
Jordyn Tyson,WR,NO,83.3
Jayden Reed,WR,GB,83.3
Trevor Lawrence,QB,JAX,83.5
Brian Thomas Jr.,WR,JAX,84.0
Josh Downs,WR,IND,85.3
Kyle Pitts Sr.,TE,ATL,86.8
Jayden Daniels,QB,WAS,87.2
Wan'Dale Robinson,WR,TEN,87.7
RJ Harvey,RB,DEN,90.0
Jared Goff,QB,DET,92.9
Jordan Addison,WR,MIN,93.1
J.K. Dobbins,RB,DEN,94.4
Jalen Hurts,QB,PHI,94.9
Seattle Defense,DEF,SEA,95.1
Aaron Jones Sr.,RB,MIN,97.8
Xavier Worthy,WR,KC,97.9
Romeo Doubs,WR,NE,98.1
Jakobi Meyers,WR,JAX,98.3
Quentin Johnston,WR,LAC,98.6
Khalil Shakir,WR,BUF,100.0
Denver Defense,DEF,DEN,100.9
Brock Purdy,QB,SF,101.0
Kenny Gainwell,RB,TB,101.2
Travis Kelce,TE,KC,101.2
Ricky Pearsall,WR,SF,102.3
Matthew Stafford,QB,LAR,102.9
Rachaad White,RB,WAS,103.5
Kyle Monangai,RB,CHI,105.2
George Kittle,TE,SF,106.1
Makai Lemon,WR,PHI,107.2
LA Rams Defense,DEF,LAR,107.7
Houston Defense,DEF,HOU,107.9
Caleb Williams,QB,CHI,108.2
Matthew Golden,WR,GB,113.0
Jalen Coker,WR,CAR,114.2
New England Defense,DEF,NE,115.2
Bo Nix,QB,DEN,116.7
Jake Ferguson,TE,DAL,116.7
Jaxson Dart,QB,NYG,119.8
KC Concepcion,WR,CLE,119.8
Jayden Higgins,WR,HOU,120.0
Dallas Goedert,TE,PHI,120.8
Blake Corum,RB,LAR,121.5
Jacory Croskey-Merritt,RB,WAS,121.8
Philadelphia Defense,DEF,PHI,125.5
Jonathon Brooks,RB,CAR,127.7
Mark Andrews,TE,BAL,127.7
Baker Mayfield,QB,TB,129.1
Jordan Mason,RB,MIN,129.3
Rashid Shaheed,WR,SEA,129.5
Jordan Love,QB,GB,129.5
Jauan Jennings,WR,MIN,129.7
Jacksonville Defense,DEF,JAX,129.7
Omar Cooper Jr.,WR,NYJ,130.7
Jason Myers,PK,SEA,131.6
Brandon Aubrey,PK,DAL,132.8
Dalton Kincaid,TE,BUF,133.7
Tre Tucker,WR,LV,134.1
Jalen Nailor,WR,LV,134.3
Denzel Boston,WR,CLE,135.1
Tyjae Spears,RB,TEN,135.4
Harrison Mevis,PK,LAR,137.5
Jerry Jeudy,WR,CLE,138.2
Juwan Johnson,TE,NO,138.8
Minnesota Defense,DEF,MIN,138.9
Isaiah Likely,TE,NYG,139.2
Cameron Dicker,PK,LAC,140.4
Detroit Defense,DEF,DET,141.8
Green Bay Defense,DEF,GB,142.7
Woody Marks,RB,HOU,142.8
Tyler Shough,QB,NO,143.4
Ka'imi Fairbairn,PK,HOU,143.6
Jalen McMillan,WR,TB,144.0
Antonio Williams,WR,WAS,144.9
Pittsburgh Defense,DEF,PIT,145.7
Calvin Ridley,WR,TEN,147.2
Sam Darnold,QB,SEA,148.6
Jake Bates,PK,DET,148.7
Kyler Murray,QB,MIN,150.3
T.J. Hockenson,TE,MIN,150.5
Malik Washington,WR,MIA,150.9
Cam Little,PK,JAX,151.2
Isiah Pacheco,RB,DET,151.8
Buffalo Defense,DEF,BUF,151.9
Brandon Aiyuk,WR,SF,152.2
Chris Boswell,PK,PIT,152.6
Alvin Kamara,RB,NO,152.8
Tank Bigsby,RB,PHI,153.0
Tyler Loop,PK,BAL,154.3
C.J. Stroud,QB,HOU,155.5
Baltimore Defense,DEF,BAL,156.7
LA Chargers Defense,DEF,LAC,156.9
Chris Rodriguez Jr.,RB,JAX,157.0
Tyrone Tracy Jr.,RB,NYG,157.1
Zach Charbonnet,RB,SEA,157.1
Cairo Santos,PK,CHI,157.4
Hunter Henry,TE,NE,157.6
Harrison Butker,PK,KC,157.7
Brenton Strange,TE,JAX,157.9
Germie Bernard,WR,PIT,158.1
Travis Hunter,WR,JAX,158.8
Cooper Kupp,WR,SEA,160.2
Trey Smack,PK,GB,160.7
Ryan Flournoy,WR,DAL,161.2
Rashod Bateman,WR,BAL,161.7
Adonai Mitchell,WR,NYJ,162.0
Malik Willis,QB,MIA,162.5
Oronde Gadsden,TE,LAC,162.9
Kenyon Sadiq,TE,NYJ,163.0
Tank Dell,WR,HOU,164.4
Cam Ward,QB,TEN,165.0
Chase McLaughlin,PK,TB,165.1
Chris Bell,WR,MIA,165.4
Daniel Jones,QB,IND,165.5
Chig Okonkwo,TE,WAS,166.8
Evan McPherson,PK,CIN,167.1
Washington Defense,DEF,WAS,167.4
