Player,Position,Team,KeeperRound,AcquisitionType,DraftTeam
"Ja'Marr Chase",WR,CIN,1,"Drafted (Round 1)","Kona’s Kicking Team"
"Saquon Barkley",RB,PHI,1,"Drafted (Round 1)","I LIKE BIG TDS"
"Bijan Robinson",RB,ATL,1,"Drafted (Round 1)","Berserker"
"Jahmyr Gibbs",RB,DET,1,"Drafted (Round 1)","Wailin Raylans"
"CeeDee Lamb",WR,DAL,1,"Drafted (Round 1)","Postino's Bandits"
"Christian McCaffrey",RB,SF,1,"Drafted (Round 1)","Fat Lazy Americans"
"Justin Jefferson",WR,MIN,1,"Drafted (Round 1)","MombaMentality"
"Derrick Henry",RB,BAL,1,"Drafted (Round 1)","Billy Goat Trash"
"Amon-Ra St. Brown",WR,DET,1,"Drafted (Round 1)","Rafi Bomb"
"Ashton Jeanty",RB,DAL,1,"Drafted (Round 1)","No Talent"
"Malik Nabers",WR,NYG,1,"Drafted (Round 1)","Oroszlanok"
"Jonathan Taylor",RB,IND,1,"Drafted (Round 1)","Dumpster Fire"
"Lamar Jackson",QB,BAL,2,"Drafted (Round 2)","Dumpster Fire"
"Drake London",WR,ATL,2,"Drafted (Round 2)","Oroszlanok"
"James Cook III",RB,BUF,2,"Drafted (Round 2)","No Talent"
"Josh Jacobs",RB,GB,2,"Drafted (Round 2)","Rafi Bomb"
"A.J. Brown",WR,PHI,2,"Drafted (Round 2)","Billy Goat Trash"
"Josh Allen",QB,BUF,2,"Drafted (Round 2)","MombaMentality"
"Trey McBride",TE,ARI,2,"Drafted (Round 2)","Fat Lazy Americans"
"Marvin Harrison Jr.",WR,ARI,2,"Drafted (Round 2)","Postino's Bandits"
"Mike Evans",WR,TB,2,"Drafted (Round 2)","Wailin Raylans"
"Alvin Kamara",RB,NO,2,"Drafted (Round 2)","Berserker"
"Omarion Hampton",RB,CAR,2,"Drafted (Round 2)","I LIKE BIG TDS"
"Chuba Hubbard",RB,CAR,2,"Drafted (Round 2)","Kona’s Kicking Team"
"George Kittle",TE,SF,3,"Drafted (Round 3)","Kona’s Kicking Team"
"Garrett Wilson",WR,NYJ,3,"Drafted (Round 3)","I LIKE BIG TDS"
"TreVeyon Henderson",RB,NE,3,"Drafted (Round 3)","Berserker"
"Jalen Hurts",QB,PHI,3,"Drafted (Round 3)","Wailin Raylans"
"Kenneth Walker III",RB,SEA,3,"Drafted (Round 3)","Postino's Bandits"
"James Conner",RB,ARI,3,"Drafted (Round 3)","Fat Lazy Americans"
"Tyreek Hill",WR,MIA,3,"Drafted (Round 3)","MombaMentality"
"Joe Burrow",QB,CIN,3,"Drafted (Round 3)","Billy Goat Trash"
"DK Metcalf",WR,SEA,3,"Drafted (Round 3)","Rafi Bomb"
"Travis Kelce",TE,KC,3,"Drafted (Round 3)","No Talent"
"Terry McLaurin",WR,WAS,3,"Drafted (Round 3)","Oroszlanok"
"Davante Adams",WR,NYJ,3,"Drafted (Round 3)","Dumpster Fire"
"Tee Higgins",WR,CIN,4,"Drafted (Round 4)","Dumpster Fire"
"RJ Harvey",RB,DEN,4,"Drafted (Round 4)","Oroszlanok"
"DJ Moore",WR,CHI,4,"Drafted (Round 4)","No Talent"
"Aaron Jones Sr.",RB,MIN,4,"Drafted (Round 4)","Rafi Bomb"
"Tony Pollard",RB,TEN,4,"Drafted (Round 4)","Billy Goat Trash"
"Isiah Pacheco",RB,KC,4,"Drafted (Round 4)","MombaMentality"
"Breece Hall",RB,NYJ,4,"Drafted (Round 4)","Fat Lazy Americans"
"D'Andre Swift",RB,CHI,4,"Drafted (Round 4)","Postino's Bandits"
"Xavier Worthy",WR,KC,4,"Drafted (Round 4)","Wailin Raylans"
"Travis Hunter",WR,JAX,4,"Drafted (Round 4)","Berserker"
"Patrick Mahomes",QB,KC,4,"Drafted (Round 4)","I LIKE BIG TDS"
"Jaylen Warren",RB,PIT,4,"Drafted (Round 4)","Kona’s Kicking Team"
"Jameson Williams",WR,DET,5,"Drafted (Round 5)","Kona’s Kicking Team"
"T.J. Hockenson",TE,MIN,5,"Drafted (Round 5)","I LIKE BIG TDS"
"Tetairoa McMillan",WR,CAR,5,"Drafted (Round 5)","Berserker"
"Courtland Sutton",WR,DEN,5,"Drafted (Round 5)","Wailin Raylans"
"DeVonta Smith",WR,PHI,5,"Drafted (Round 5)","Postino's Bandits"
"George Pickens",WR,DAL,5,"Drafted (Round 5)","Fat Lazy Americans"
"David Montgomery",RB,DET,5,"Drafted (Round 5)","MombaMentality"
"Emeka Egbuka",WR,TB,5,"Drafted (Round 5)","Billy Goat Trash"
"Jaylen Waddle",WR,MIA,5,"Drafted (Round 5)","Rafi Bomb"
"Ricky Pearsall",WR,SF,5,"Drafted (Round 5)","No Talent"
"Chris Olave",WR,NO,5,"Drafted (Round 5)","Oroszlanok"
"Kaleb Johnson",RB,PIT,5,"Drafted (Round 5)","Dumpster Fire"
"Mark Andrews",TE,BAL,6,"Drafted (Round 6)","Dumpster Fire"
"Rome Odunze",WR,CHI,6,"Drafted (Round 6)","Oroszlanok"
"Brian Thomas Jr.",WR,JAX,6,"Drafted (Round 6)","No Talent"
"Tyrone Tracy Jr.",RB,NYG,6,"Drafted (Round 6)","Rafi Bomb"
"Jordan Mason",RB,SF,6,"Drafted (Round 6)","Billy Goat Trash"
"Chase Brown",RB,CIN,6,"Drafted (Round 6)","MombaMentality"
"Jaxon Smith-Njigba",WR,SEA,6,"Drafted (Round 6)","Fat Lazy Americans"
"Brock Bowers",TE,LV,6,"Drafted (Round 6)","Postino's Bandits"
"Zach Charbonnet",RB,SEA,6,"Drafted (Round 6)","Wailin Raylans"
"Ladd McConkey",WR,LAC,6,"Drafted (Round 6)","Berserker"
"Chris Godwin Jr.",WR,TB,6,"Drafted (Round 6)","I LIKE BIG TDS"
"Zay Flowers",WR,BAL,6,"Drafted (Round 6)","Kona’s Kicking Team"
"Travis Etienne Jr.",RB,JAX,7,"Drafted (Round 7)","Kona’s Kicking Team"
"Cooper Kupp",WR,LAR,7,"Drafted (Round 7)","I LIKE BIG TDS"
"Evan Engram",TE,JAX,7,"Drafted (Round 7)","Berserker"
"Tucker Kraft",TE,GB,7,"Drafted (Round 7)","Wailin Raylans"
"Calvin Ridley",WR,TEN,7,"Drafted (Round 7)","Postino's Bandits"
"Nico Collins",WR,HOU,7,"Drafted (Round 7)","Fat Lazy Americans"
"Ollie Gordon II",RB,MIA,7,"Drafted (Round 7)","MombaMentality"
