Player,Position,Team,DraftTeam,AcquisitionType,AcquisitionDate,AcquiredAfterWeek11
"Drake Maye",QB,NE,"Berserker","Free Agent Pickup","Waiver Pickup",NO
"Tetairoa McMillan",WR,CAR,"Berserker","Free Agent Pickup","Waiver Pickup",NO
"Jerry Jeudy",WR,CLE,"Billy Goat Tavern","Drafted","Drafted (Round 10)",NO
"Javonte Williams",RB,DEN,"Berserker","Drafted","Drafted (Round 9)",NO
"TreVeyon Henderson",RB,NE,"Berserker","Drafted","Drafted (Round 3)",NO
"Harold Fannin Jr.",TE,CLE,"Berserker","Free Agent Pickup","Waiver Pickup",NO
"Bijan Robinson",RB,ATL,"Berserker","Drafted","Drafted (Round 1)",NO
"Cam Little",K,JAX,"Berserker","Free Agent Pickup","Waiver Pickup",NO
"Devin White",LB,HOU,"Berserker","Free Agent Pickup","Waiver Pickup",NO
"Lavonte David",LB,TB,"No Talent Ass Clowns","Drafted","Drafted (Round 15)",NO
"Brian Burns",DL,NYG,"Berserker","Free Agent Pickup","Waiver Pickup",NO
"Rico Dowdle",RB,DAL,"Dumpster Fire","Drafted","Drafted (Round 14)",NO
"Michael Pittman Jr.",WR,IND,"Berserker","Drafted","Drafted (Round 8)",NO
"Rashee Rice",WR,KC,"Berserker","Drafted","Drafted (Round 11)",NO
"Mark Andrews",TE,BAL,"Dumpster Fire","Drafted","Drafted (Round 6)",NO
"Bo Nix",QB,DEN,"Berserker","Drafted","Drafted (Round 10)",NO
"Alvin Kamara",RB,NO,"Berserker","Drafted","Drafted (Round 2)",NO
"Matthew Stafford",QB,LAR,"Berserker","Free Agent Pickup","Waiver Pickup",NO
"A.J. Brown",WR,PHI,"Billy Goat Tavern","Drafted","Drafted (Round 2)",NO
"Ladd McConkey",WR,LAC,"Berserker","Drafted","Drafted (Round 6)",NO
"Derrick Henry",RB,BAL,"Billy Goat Tavern","Drafted","Drafted (Round 1)",NO
"Josh Jacobs",RB,GB,"Rafi Bomb Returns!","Drafted","Drafted (Round 2)",NO
"Tyler Warren",TE,IND,"Billy Goat Tavern","Drafted","Drafted (Round 8)",NO
"Blake Corum",RB,LAR,"Billy Goat Tavern","Free Agent Pickup","Waiver Pickup",NO
"Ka'imi Fairbairn",K,HOU,"Kona’s Kickers","Drafted","Drafted (Round 17)",NO
"Jack Campbell",LB,DET,"Billy Goat Tavern","Free Agent Pickup","Waiver Pickup",NO
"Carson Schwesinger",LB,CLE,"Billy Goat Tavern","Free Agent Pickup","Waiver Pickup",NO
"Tyrel Dodson",LB,MIA,"Billy Goat Tavern","Free Agent Pickup","Waiver Pickup",NO
"Tony Pollard",RB,TEN,"Billy Goat Tavern","Drafted","Drafted (Round 4)",NO
"Christian Watson",WR,GB,"Billy Goat Tavern","Free Agent Pickup","Waiver Pickup",NO
"Chuba Hubbard",RB,CAR,"Kona’s Kickers","Drafted","Drafted (Round 2)",NO
"Jaxson Dart",QB,NYG,"Kona’s Kickers","Free Agent Pickup","Waiver Pickup",NO
"Dawson Knox",TE,BUF,"Kona’s Kickers","Free Agent Pickup","Waiver Pickup",NO
"Emanuel Wilson",RB,GB,"Kona’s Kickers","Free Agent Pickup","Waiver Pickup",NO
"Trevor Lawrence",QB,JAX,"Kona’s Kickers","Free Agent Pickup","Waiver Pickup",NO
"Tee Higgins",WR,CIN,"Dumpster Fire","Drafted","Drafted (Round 4)",NO
"Josh Downs",WR,IND,"Postino's Banditos","Drafted","Drafted (Round 10)",NO
"Jonathan Taylor",RB,IND,"Dumpster Fire","Drafted","Drafted (Round 1)",NO
"De'Von Achane",RB,MIA,"Dumpster Fire","Drafted","Drafted (Round 8)",NO
"Kyle Pitts Sr.",TE,ATL,"Dumpster Fire","Free Agent Pickup","Waiver Pickup",NO
"Jordan Addison",WR,MIN,"Fat Lazy Americans","Drafted","Drafted (Round 10)",NO
"Eddy Pineiro",K,CAR,"Dumpster Fire","Free Agent Pickup","Waiver Pickup",NO
"Bobby Wagner",LB,WAS,"Dumpster Fire","Free Agent Pickup","Waiver Pickup",NO
"Tuli Tuipulotu",DL,LAC,"Dumpster Fire","Free Agent Pickup","Waiver Pickup",NO
"Nick Emmanwori",DB,CAR,"Dumpster Fire","Free Agent Pickup","Waiver Pickup",NO
"DJ Moore",WR,CHI,"No Talent Ass Clowns","Drafted","Drafted (Round 4)",NO
"Chris Rodriguez Jr.",RB,WAS,"Dumpster Fire","Free Agent Pickup","Waiver Pickup",NO
"Cam Skattebo",RB,AZ,"Dumpster Fire","Drafted","Drafted (Round 10)",NO
"Jake Tonges",TE,SF,"Dumpster Fire","Free Agent Pickup","Waiver Pickup",NO
"Michael Mayer",TE,LV,"Dumpster Fire","Free Agent Pickup","Waiver Pickup",NO
"Terrance Ferguson",TE,LAR,"Dumpster Fire","Free Agent Pickup","Waiver Pickup",NO
"Dak Prescott",QB,DAL,"Fat Lazy Americans","Drafted","Drafted (Round 9)",NO
"George Pickens",WR,DAL,"Fat Lazy Americans","Drafted","Drafted (Round 5)",NO
"Nico Collins",WR,HOU,"Fat Lazy Americans","Drafted","Drafted (Round 7)",NO
"Bucky Irving",RB,TB,"Fat Lazy Americans","Free Agent Pickup","Waiver Pickup",NO
"Christian McCaffrey",RB,SF,"Fat Lazy Americans","Drafted","Drafted (Round 1)",NO
"Trey McBride",TE,ARI,"Fat Lazy Americans","Drafted","Drafted (Round 2)",NO
"Jaxon Smith-Njigba",WR,SEA,"Fat Lazy Americans","Drafted","Drafted (Round 6)",NO
"Andy Borregales",K,NE,"Fat Lazy Americans","Free Agent Pickup","Waiver Pickup",NO
"Foyesade Oluokun",LB,JAX,"Fat Lazy Americans","Drafted","Drafted (Round 12)",NO
"Jamien Sherwood",LB,NYJ,"Fat Lazy Americans","Drafted","Drafted (Round 14)",NO
"Alex Singleton",LB,DEN,"Fat Lazy Americans","Drafted","Drafted (Round 13)",NO
"Joe Burrow",QB,CIN,"Fat Lazy Americans","Drafted","Drafted (Round 3)",NO
"Breece Hall",RB,NYJ,"Fat Lazy Americans","Drafted","Drafted (Round 4)",NO
"Kyle Monangai",RB,CHI,"Fat Lazy Americans","Free Agent Pickup","Waiver Pickup",NO
"Oronde Gadsden",TE,LAC,"Fat Lazy Americans","Free Agent Pickup","Waiver Pickup",NO
"Jayden Reed",WR,GB,"Fat Lazy Americans","Free Agent Pickup","Waiver Pickup",NO
"Brian Robinson",RB,ATL,"Fat Lazy Americans","Free Agent Pickup","Waiver Pickup",NO
"Jordan Love",QB,GB,"I LIKE BIG TDS","Drafted","Drafted (Round 10)",NO
"Puka Nacua",WR,LAR,"I LIKE BIG TDS","Drafted","Drafted (Round 8)",NO
"Romeo Doubs",WR,GB,"I LIKE BIG TDS","Free Agent Pickup","Waiver Pickup",NO
"Saquon Barkley",RB,PHI,"I LIKE BIG TDS","Drafted","Drafted (Round 1)",NO
"Omarion Hampton",RB,CAR,"I LIKE BIG TDS","Drafted","Drafted (Round 2)",NO
"Jake Ferguson",TE,DAL,"I LIKE BIG TDS","Drafted","Drafted (Round 12)",NO
"Michael Carter",RB,ARI,"I LIKE BIG TDS","Free Agent Pickup","Waiver Pickup",NO
"Chris Boswell",K,PIT,"I LIKE BIG TDS","Free Agent Pickup","Waiver Pickup",NO
"DeMarcus Lawrence",DL,DAL,"I LIKE BIG TDS","Free Agent Pickup","Waiver Pickup",NO
"Dallas Turner",LB,MIN,"I LIKE BIG TDS","Free Agent Pickup","Waiver Pickup",NO
"Nik Bonitto",LB,DEN,"I LIKE BIG TDS","Free Agent Pickup","Waiver Pickup",NO
"Devaughn Vele",WR,DEN,"I LIKE BIG TDS","Free Agent Pickup","Waiver Pickup",NO
"Patrick Mahomes",QB,KC,"I LIKE BIG TDS","Drafted","Drafted (Round 4)",NO
"Kimani Vidal",RB,LAC,"I LIKE BIG TDS","Free Agent Pickup","Waiver Pickup",NO
"Rhamondre Stevenson",RB,NE,"I LIKE BIG TDS","Drafted","Drafted (Round 9)",NO
"Dalton Schultz",TE,HOU,"I LIKE BIG TDS","Free Agent Pickup","Waiver Pickup",NO
"Luther Burden III",WR,CAR,"MombaMentality","Drafted","Drafted (Round 13)",NO
"Jacoby Brissett",QB,NE,"MombaMentality","Free Agent Pickup","Waiver Pickup",NO
"Ja'Marr Chase",WR,CIN,"Kona’s Kickers","Drafted","Drafted (Round 1)",NO
"Michael Wilson",WR,ARI,"MombaMentality","Free Agent Pickup","Waiver Pickup",NO
"Jaylen Warren",RB,PIT,"Kona’s Kickers","Drafted","Drafted (Round 4)",NO
"Travis Etienne Jr.",RB,JAX,"Kona’s Kickers","Drafted","Drafted (Round 7)",NO
"Davis Allen",TE,LAR,"Kona’s Kickers","Free Agent Pickup","Waiver Pickup",NO
"Jameson Williams",WR,DET,"Kona’s Kickers","Drafted","Drafted (Round 5)",NO
"Jason Myers",K,SEA,"Kona’s Kickers","Free Agent Pickup","Waiver Pickup",NO
"Nate Landman",LB,ATL,"Kona’s Kickers","Free Agent Pickup","Waiver Pickup",NO
"Zack Baun",LB,PHI,"Kona’s Kickers","Drafted","Drafted (Round 11)",NO
"Bobby Okereke",LB,NYG,"Rafi Bomb Returns!","Drafted","Drafted (Round 14)",NO
"George Kittle",TE,SF,"Kona’s Kickers","Drafted","Drafted (Round 3)",NO
"Zay Flowers",WR,BAL,"Kona’s Kickers","Drafted","Drafted (Round 6)",NO
"Marcus Mariota",QB,WAS,"MombaMentality","Free Agent Pickup","Waiver Pickup",NO
"Zach Ertz",TE,WAS,"MombaMentality","Free Agent Pickup","Waiver Pickup",NO
"John Metchie III",WR,HOU,"MombaMentality","Free Agent Pickup","Waiver Pickup",NO
"Ernest Jones IV",LB,SEA,"Wailin Raylans","Drafted","Drafted (Round 15)",NO
"Josh Allen",QB,BUF,"MombaMentality","Drafted","Drafted (Round 2)",NO
"Justin Jefferson",WR,MIN,"MombaMentality","Drafted","Drafted (Round 1)",NO
"Alec Pierce",WR,IND,"MombaMentality","Free Agent Pickup","Waiver Pickup",NO
"Chase Brown",RB,CIN,"MombaMentality","Drafted","Drafted (Round 6)",NO
"David Montgomery",RB,DET,"MombaMentality","Drafted","Drafted (Round 5)",NO
"Colby Parkinson",TE,LAR,"MombaMentality","Free Agent Pickup","Waiver Pickup",NO
"Jayden Higgins",WR,HOU,"MombaMentality","Free Agent Pickup","Waiver Pickup",NO
"Cameron Dicker",K,LAC,"Dumpster Fire","Drafted","Drafted (Round 16)",NO
"T.J. Watt",LB,PIT,"MombaMentality","Drafted","Drafted (Round 16)",NO
"Micah Parsons",LB,DAL,"I LIKE BIG TDS","Drafted","Drafted (Round 14)",NO
"SirVocea Dennis",LB,TB,"MombaMentality","Free Agent Pickup","Waiver Pickup",NO
"Isaac TeSlaa",WR,DET,"Billy Goat Tavern","Drafted","Drafted (Round 17)",NO
"Sam LaPorta",TE,DET,"MombaMentality","Drafted","Drafted (Round 12)",NO
"Kenny Gainwell",RB,PHI,"MombaMentality","Free Agent Pickup","Waiver Pickup",NO
"Parker Washington",WR,JAX,"MombaMentality","Free Agent Pickup","Waiver Pickup",NO
"Stefon Diggs",WR,HOU,"MombaMentality","Drafted","Drafted (Round 9)",NO
"Dylan Sampson",RB,CLE,"Billy Goat Tavern","Drafted","Drafted (Round 11)",NO
"Baker Mayfield",QB,TB,"No Talent Ass Clowns","Drafted","Drafted (Round 14)",NO
"Chris Godwin Jr.",WR,TB,"I LIKE BIG TDS","Drafted","Drafted (Round 6)",NO
"Brian Thomas Jr.",WR,JAX,"No Talent Ass Clowns","Drafted","Drafted (Round 6)",NO
"James Cook III",RB,BUF,"No Talent Ass Clowns","Drafted","Drafted (Round 2)",NO
"Ashton Jeanty",RB,DAL,"No Talent Ass Clowns","Drafted","Drafted (Round 1)",NO
"Juwan Johnson",TE,NO,"No Talent Ass Clowns","Free Agent Pickup","Waiver Pickup",NO
"Mike Evans",WR,TB,"Wailin Raylans","Drafted","Drafted (Round 2)",NO
"Chase McLaughlin",K,TB,"No Talent Ass Clowns","Drafted","Drafted (Round 16)",NO
"Roquan Smith",LB,BAL,"No Talent Ass Clowns","Drafted","Drafted (Round 12)",NO
"Myles Garrett",DL,CLE,"Wailin Raylans","Drafted","Drafted (Round 16)",NO
"Jordan Battle",DB,CIN,"No Talent Ass Clowns","Free Agent Pickup","Waiver Pickup",NO
"Khalil Shakir",WR,BUF,"No Talent Ass Clowns","Drafted","Drafted (Round 7)",NO
"Travis Kelce",TE,KC,"No Talent Ass Clowns","Drafted","Drafted (Round 3)",NO
"Keenan Allen",WR,CHI,"No Talent Ass Clowns","Drafted","Drafted (Round 9)",NO
"Tez Johnson",WR,TB,"No Talent Ass Clowns","Free Agent Pickup","Waiver Pickup",NO
"Ricky Pearsall",WR,SF,"No Talent Ass Clowns","Drafted","Drafted (Round 5)",NO
"Jayden Daniels",QB,WAS,"Kona’s Kickers","Drafted","Drafted (Round 8)",NO
"Brock Purdy",QB,SF,"Oroszlanok","Drafted","Drafted (Round 7)",NO
"Chris Olave",WR,NO,"Oroszlanok","Drafted","Drafted (Round 5)",NO
"Terry McLaurin",WR,WAS,"Oroszlanok","Drafted","Drafted (Round 3)",NO
"Kyren Williams",RB,LAR,"Oroszlanok","Drafted","Drafted (Round 8)",NO
"RJ Harvey",RB,DEN,"Oroszlanok","Drafted","Drafted (Round 4)",NO
"Cole Kmet",TE,CHI,"Oroszlanok","Free Agent Pickup","Waiver Pickup",NO
"Drake London",WR,ATL,"Oroszlanok","Drafted","Drafted (Round 2)",NO
"Evan McPherson",K,CIN,"Berserker","Drafted","Drafted (Round 17)",NO
"Eric Wilson",LB,GB,"Oroszlanok","Free Agent Pickup","Waiver Pickup",NO
"Nick Cross",DB,IND,"Oroszlanok","Drafted","Drafted (Round 16)",NO
"Talanoa Hufanga",DB,SF,"Oroszlanok","Free Agent Pickup","Waiver Pickup",NO
"Quinshon Judkins",RB,CLE,"Oroszlanok","Drafted","Drafted (Round 11)",NO
"Woody Marks",RB,LAC,"Oroszlanok","Free Agent Pickup","Waiver Pickup",NO
"Sam Darnold",QB,MIN,"Oroszlanok","Free Agent Pickup","Waiver Pickup",NO
"Cade Otton",TE,TB,"Oroszlanok","Free Agent Pickup","Waiver Pickup",NO
"Darius Slayton",WR,NYG,"Oroszlanok","Free Agent Pickup","Waiver Pickup",NO
"Hunter Henry",TE,NE,"Billy Goat Tavern","Drafted","Drafted (Round 15)",NO
"Jared Goff",QB,DET,"Postino's Banditos","Drafted","Drafted (Round 9)",NO
"DeVonta Smith",WR,PHI,"Postino's Banditos","Drafted","Drafted (Round 5)",NO
"CeeDee Lamb",WR,DAL,"Postino's Banditos","Drafted","Drafted (Round 1)",NO
"Kenneth Walker III",RB,SEA,"Postino's Banditos","Drafted","Drafted (Round 3)",NO
"D'Andre Swift",RB,CHI,"Postino's Banditos","Drafted","Drafted (Round 4)",NO
"Dallas Goedert",TE,PHI,"Postino's Banditos","Drafted","Drafted (Round 11)",NO
"Tre Tucker",WR,LV,"Postino's Banditos","Free Agent Pickup","Waiver Pickup",NO
"Brandon Aubrey",K,DAL,"Postino's Banditos","Drafted","Drafted (Round 14)",NO
"Jordyn Brooks",LB,MIA,"Postino's Banditos","Drafted","Drafted (Round 15)",NO
"Germaine Pratt",LB,CIN,"Postino's Banditos","Drafted","Drafted (Round 17)",NO
"Patrick Queen",LB,PIT,"Postino's Banditos","Free Agent Pickup","Waiver Pickup",NO
"Marvin Harrison Jr.",WR,ARI,"Postino's Banditos","Drafted","Drafted (Round 2)",NO
"Brock Bowers",TE,LV,"Postino's Banditos","Drafted","Drafted (Round 6)",NO
"Matthew Golden",WR,GB,"Billy Goat Tavern","Drafted","Drafted (Round 7)",NO
"Kayshon Boutte",WR,NE,"Postino's Banditos","Free Agent Pickup","Waiver Pickup",NO
"Ryan Flournoy",WR,DAL,"Postino's Banditos","Free Agent Pickup","Waiver Pickup",NO
"Nick Bolton",LB,KC,"Billy Goat Tavern","Drafted","Drafted (Round 14)",NO
"Caleb Williams",QB,CHI,"Rafi Bomb Returns!","Drafted","Drafted (Round 12)",NO
"Amon-Ra St. Brown",WR,DET,"Rafi Bomb Returns!","Drafted","Drafted (Round 1)",NO
"Emeka Egbuka",WR,TB,"Billy Goat Tavern","Drafted","Drafted (Round 5)",NO
"Aaron Jones Sr.",RB,MIN,"Rafi Bomb Returns!","Drafted","Drafted (Round 4)",NO
"Kareem Hunt",RB,KC,"Rafi Bomb Returns!","Free Agent Pickup","Waiver Pickup",NO
"Darren Waller",TE,MIA,"Rafi Bomb Returns!","Free Agent Pickup","Waiver Pickup",NO
"Jaylen Waddle",WR,MIA,"Rafi Bomb Returns!","Drafted","Drafted (Round 5)",NO
"Matt Prater",K,ARI,"Rafi Bomb Returns!","Free Agent Pickup","Waiver Pickup",NO
"Edgerrin Cooper",LB,GB,"Rafi Bomb Returns!","Drafted","Drafted (Round 15)",NO
"Kyle Hamilton",DB,BAL,"Rafi Bomb Returns!","Free Agent Pickup","Waiver Pickup",NO
"Danielle Hunter",DL,HOU,"Rafi Bomb Returns!","Free Agent Pickup","Waiver Pickup",NO
"David Njoku",TE,CLE,"Rafi Bomb Returns!","Drafted","Drafted (Round 7)",NO
"Theo Johnson",TE,NYG,"Rafi Bomb Returns!","Free Agent Pickup","Waiver Pickup",NO
"Tyrone Tracy Jr.",RB,NYG,"Rafi Bomb Returns!","Drafted","Drafted (Round 6)",NO
"DK Metcalf",WR,SEA,"Rafi Bomb Returns!","Drafted","Drafted (Round 3)",NO
"Rashid Shaheed",WR,NO,"Rafi Bomb Returns!","Drafted","Drafted (Round 9)",NO
"Trey Benson",RB,ARI,"Rafi Bomb Returns!","Drafted","Drafted (Round 13)",NO
"Jalen Hurts",QB,PHI,"Wailin Raylans","Drafted","Drafted (Round 3)",NO
"Courtland Sutton",WR,DEN,"Wailin Raylans","Drafted","Drafted (Round 5)",NO
"Jauan Jennings",WR,SF,"Wailin Raylans","Drafted","Drafted (Round 9)",NO
"Jahmyr Gibbs",RB,DET,"Wailin Raylans","Drafted","Drafted (Round 1)",NO
"Zach Charbonnet",RB,SEA,"Wailin Raylans","Drafted","Drafted (Round 6)",NO
"Colston Loveland",TE,CHI,"MombaMentality","Drafted","Drafted (Round 11)",NO
"Xavier Worthy",WR,KC,"Wailin Raylans","Drafted","Drafted (Round 4)",NO
"Harrison Butker",K,KC,"Wailin Raylans","Free Agent Pickup","Waiver Pickup",NO
"Blake Cashman",LB,MIN,"Berserker","Drafted","Drafted (Round 12)",NO
"Payton Wilson",LB,PIT,"Wailin Raylans","Free Agent Pickup","Waiver Pickup",NO
"Paulson Adebo",DB,NO,"Wailin Raylans","Free Agent Pickup","Waiver Pickup",NO
"Wan'Dale Robinson",WR,NYG,"Wailin Raylans","Free Agent Pickup","Waiver Pickup",NO
"Jakobi Meyers",WR,LV,"Wailin Raylans","Drafted","Drafted (Round 11)",NO
"Sean Tucker",RB,TB,"Wailin Raylans","Free Agent Pickup","Waiver Pickup",NO
"Jacory Croskey-Merritt",RB,WAS,"Fat Lazy Americans","Drafted","Drafted (Round 8)",NO
"Justin Herbert",QB,LAC,"Wailin Raylans","Free Agent Pickup","Waiver Pickup",NO
"Tucker Kraft",TE,GB,"Wailin Raylans","Drafted","Drafted (Round 7)",NO
