league_id,team_id,team_name,player_name,nfl_team,position
honey_badgers,1,"Olivators","Jaxon Smith-Njigba",SEA,WR
honey_badgers,1,"Olivators","Ashton Jeanty",LV,RB
honey_badgers,1,"Olivators","Lamar Jackson",BAL,QB
honey_badgers,1,"Olivators","Harold Fannin Jr.",CLE,TE
honey_badgers,1,"Olivators","Jameson Williams",DET,WR
honey_badgers,1,"Olivators","Kyren Williams",LAR,RB
honey_badgers,1,"Olivators","Nico Collins",HOU,WR
honey_badgers,1,"Olivators","Kenny Gainwell",TB,RB
honey_badgers,1,"Olivators","Jacory Croskey-Merritt",WAS,RB
honey_badgers,1,"Olivators","Cedric Gray",TEN,LB
honey_badgers,1,"Olivators","Foyesade Oluokun",JAX,LB
honey_badgers,1,"Olivators","Jakobi Meyers",JAX,WR
honey_badgers,1,"Olivators","Edgerrin Cooper",GB,LB
honey_badgers,1,"Olivators","Dylan Sampson",CLE,RB
honey_badgers,1,"Olivators","Jared Goff",DET,QB
honey_badgers,1,"Olivators","T.J. Edwards",CHI,LB
honey_badgers,1,"Olivators","Cam Little",JAX,K
honey_badgers,2,"CopperTheBigRedDog","Justin Jefferson",MIN,WR
honey_badgers,2,"CopperTheBigRedDog","Kenneth Walker III",KC,RB
honey_badgers,2,"CopperTheBigRedDog","Tucker Kraft",GB,TE
honey_badgers,2,"CopperTheBigRedDog","Jalen Hurts",PHI,QB
honey_badgers,2,"CopperTheBigRedDog","Christian Watson",GB,WR
honey_badgers,2,"CopperTheBigRedDog","Puka Nacua",LAR,WR
honey_badgers,2,"CopperTheBigRedDog","Javonte Williams",DAL,RB
honey_badgers,2,"CopperTheBigRedDog","Tony Pollard",TEN,RB
honey_badgers,2,"CopperTheBigRedDog","Blake Cashman",MIN,LB
honey_badgers,2,"CopperTheBigRedDog","Fred Warner",SF,LB
honey_badgers,2,"CopperTheBigRedDog","Jamien Sherwood",NYJ,LB
honey_badgers,2,"CopperTheBigRedDog","Brandon Aubrey",DAL,K
honey_badgers,2,"CopperTheBigRedDog","Josh Jacobs",GB,RB
honey_badgers,2,"CopperTheBigRedDog","Jaxson Dart",NYG,QB
honey_badgers,2,"CopperTheBigRedDog","Jordyn Tyson",NO,WR
honey_badgers,2,"CopperTheBigRedDog","Najee Harris",NYG,RB
honey_badgers,2,"CopperTheBigRedDog","Jake Ferguson",DAL,TE
honey_badgers,3,"Dolphin Boobiez","Jahmyr Gibbs",DET,RB
honey_badgers,3,"Dolphin Boobiez","Tee Higgins",CIN,WR
honey_badgers,3,"Dolphin Boobiez","Josh Allen",BUF,QB
honey_badgers,3,"Dolphin Boobiez","Bhayshul Tuten",JAX,RB
honey_badgers,3,"Dolphin Boobiez","Luther Burden III",CHI,WR
honey_badgers,3,"Dolphin Boobiez","Jonathon Brooks",CAR,RB
honey_badgers,3,"Dolphin Boobiez","Chris Godwin Jr.",TB,WR
honey_badgers,3,"Dolphin Boobiez","Josh Downs",IND,WR
honey_badgers,3,"Dolphin Boobiez","Jack Campbell",DET,LB
honey_badgers,3,"Dolphin Boobiez","Michael Wilson",ARI,WR
honey_badgers,3,"Dolphin Boobiez","George Kittle",SF,TE
honey_badgers,3,"Dolphin Boobiez","Woody Marks",HOU,RB
honey_badgers,3,"Dolphin Boobiez","Devin Lloyd",CAR,LB
honey_badgers,3,"Dolphin Boobiez","Cooper DeJean",PHI,DB,CB
honey_badgers,3,"Dolphin Boobiez","Malik Willis",MIA,QB
honey_badgers,3,"Dolphin Boobiez","Jason Myers",SEA,K
honey_badgers,3,"Dolphin Boobiez","Kyle Pitts Sr.",ATL,TE
honey_badgers,4,"Fat Lazy Americans","Ja'Marr Chase",CIN,WR
honey_badgers,4,"Fat Lazy Americans","Breece Hall",NYJ,RB
honey_badgers,4,"Fat Lazy Americans","Jeremiyah Love",ARI,RB
honey_badgers,4,"Fat Lazy Americans","Bucky Irving",TB,RB
honey_badgers,4,"Fat Lazy Americans","Rome Odunze",CHI,WR
honey_badgers,4,"Fat Lazy Americans","Carnell Tate",TEN,WR
honey_badgers,4,"Fat Lazy Americans","Carson Schwesinger",CLE,LB
honey_badgers,4,"Fat Lazy Americans","RJ Harvey",DEN,RB
honey_badgers,4,"Fat Lazy Americans","Matthew Golden",GB,WR
honey_badgers,4,"Fat Lazy Americans","Zack Baun",PHI,LB
honey_badgers,4,"Fat Lazy Americans","Makai Lemon",PHI,WR
honey_badgers,4,"Fat Lazy Americans","Brock Bowers",LV,TE
honey_badgers,4,"Fat Lazy Americans","Chris Rodriguez Jr.",JAX,RB
honey_badgers,4,"Fat Lazy Americans","Tyler Allgeier",ARI,RB
honey_badgers,4,"Fat Lazy Americans","Keaton Mitchell",LAC,RB
honey_badgers,4,"Fat Lazy Americans","Zach Charbonnet",SEA,RB
honey_badgers,4,"Fat Lazy Americans","Caleb Williams",CHI,QB
honey_badgers,5,"Jesus take the wheel","Saquon Barkley",PHI,RB
honey_badgers,5,"Jesus take the wheel","D'Andre Swift",CHI,RB
honey_badgers,5,"Jesus take the wheel","Jadarian Price",SEA,RB
honey_badgers,5,"Jesus take the wheel","Emeka Egbuka",TB,WR
honey_badgers,5,"Jesus take the wheel","Parker Washington",JAX,WR
honey_badgers,5,"Jesus take the wheel","Isaiah Likely",NYG,TE
honey_badgers,5,"Jesus take the wheel","Jayden Reed",GB,WR
honey_badgers,5,"Jesus take the wheel","Blake Corum",LAR,RB
honey_badgers,5,"Jesus take the wheel","Matthew Stafford",LAR,QB
honey_badgers,5,"Jesus take the wheel","Nate Landman",LAR,LB
honey_badgers,5,"Jesus take the wheel","Kyler Murray",MIN,QB
honey_badgers,5,"Jesus take the wheel","Chamarri Conner",KC,DB,S
honey_badgers,5,"Jesus take the wheel","Daiyan Henley",LAC,LB
honey_badgers,5,"Jesus take the wheel","Evan Engram",DEN,TE
honey_badgers,5,"Jesus take the wheel","Alex Anzalone",TB,LB
honey_badgers,5,"Jesus take the wheel","Eddy Pineiro",SF,K
honey_badgers,5,"Jesus take the wheel","Demarcus Robinson",SF,WR
honey_badgers,6,"JRZ","Amon-Ra St. Brown",DET,WR
honey_badgers,6,"JRZ","Omarion Hampton",LAC,RB
honey_badgers,6,"JRZ","Jaylen Waddle",DEN,WR
honey_badgers,6,"JRZ","DJ Moore",BUF,WR
honey_badgers,6,"JRZ","Sam LaPorta",DET,TE
honey_badgers,6,"JRZ","Travis Etienne Jr.",NO,RB
honey_badgers,6,"JRZ","Chuba Hubbard",CAR,RB
honey_badgers,6,"JRZ","Alec Pierce",IND,WR
honey_badgers,6,"JRZ","Jordan Addison",MIN,WR
honey_badgers,6,"JRZ","Wan'Dale Robinson",TEN,WR
honey_badgers,6,"JRZ","Justin Herbert",LAC,QB
honey_badgers,6,"JRZ","Rachaad White",WAS,RB
honey_badgers,6,"JRZ","Patrick Mahomes",KC,QB
honey_badgers,6,"JRZ","Travis Hunter",JAX,WR,CB
honey_badgers,6,"JRZ","Demario Davis",NYJ,LB
honey_badgers,6,"JRZ","Budda Baker",ARI,S
honey_badgers,6,"JRZ","Cairo Santos",CHI,K
honey_badgers,7,"Kryponite","Christian McCaffrey",SF,RB
honey_badgers,7,"Kryponite","Malik Nabers",NYG,WR
honey_badgers,7,"Kryponite","George Pickens",DAL,WR
honey_badgers,7,"Kryponite","Quinshon Judkins",CLE,RB
honey_badgers,7,"Kryponite","Terry McLaurin",WAS,WR
honey_badgers,7,"Kryponite","DK Metcalf",PIT,WR
honey_badgers,7,"Kryponite","Dak Prescott",DAL,QB
honey_badgers,7,"Kryponite","Tyjae Spears",TEN,RB
honey_badgers,7,"Kryponite","Ray Davis",BUF,RB
honey_badgers,7,"Kryponite","Jonah Coleman",DEN,RB
honey_badgers,7,"Kryponite","Dalton Kincaid",BUF,TE
honey_badgers,7,"Kryponite","Rashid Shaheed",SEA,WR
honey_badgers,7,"Kryponite","Quay Walker",LV,LB
honey_badgers,7,"Kryponite","Myles Garrett",LAR,DE
honey_badgers,7,"Kryponite","Derwin James Jr.",LAC,S
honey_badgers,7,"Kryponite","Emmett Johnson",KC,RB
honey_badgers,7,"Kryponite","Jake Bates",DET,K
honey_badgers,8,"Comfy In Chair","Jonathan Taylor",IND,RB
honey_badgers,8,"Comfy In Chair","Chris Olave",NO,WR
honey_badgers,8,"Comfy In Chair","Zay Flowers",BAL,WR
honey_badgers,8,"Comfy In Chair","David Montgomery",HOU,RB
honey_badgers,8,"Comfy In Chair","Tyler Warren",IND,TE
honey_badgers,8,"Comfy In Chair","Rico Dowdle",PIT,RB
honey_badgers,8,"Comfy In Chair","Bo Nix",DEN,QB
honey_badgers,8,"Comfy In Chair","Courtland Sutton",DEN,WR
honey_badgers,8,"Comfy In Chair","Aaron Jones Sr.",MIN,RB
honey_badgers,8,"Comfy In Chair","Alvin Kamara",NO,RB
honey_badgers,8,"Comfy In Chair","Romeo Doubs",NE,WR
honey_badgers,8,"Comfy In Chair","Dallas Goedert",PHI,TE
honey_badgers,8,"Comfy In Chair","Xavier Worthy",KC,WR
honey_badgers,8,"Comfy In Chair","Alex Singleton",DEN,LB
honey_badgers,8,"Comfy In Chair","Quincy Williams",CLE,LB
honey_badgers,8,"Comfy In Chair","Malaki Starks",BAL,S
honey_badgers,8,"Comfy In Chair","Tyler Loop",BAL,K
honey_badgers,9,"My Balls Are Afoot","Derrick Henry",BAL,RB
honey_badgers,9,"My Balls Are Afoot","Drake London",ATL,WR
honey_badgers,9,"My Balls Are Afoot","Joe Burrow",CIN,QB
honey_badgers,9,"My Balls Are Afoot","Tetairoa McMillan",CAR,WR
honey_badgers,9,"My Balls Are Afoot","Mike Evans",SF,WR
honey_badgers,9,"My Balls Are Afoot","TreVeyon Henderson",NE,RB
honey_badgers,9,"My Balls Are Afoot","Travis Kelce",KC,TE
honey_badgers,9,"My Balls Are Afoot","Stefon Diggs",WAS,WR
honey_badgers,9,"My Balls Are Afoot","Kyle Monangai",CHI,RB
honey_badgers,9,"My Balls Are Afoot","Michael Pittman Jr.",PIT,WR
honey_badgers,9,"My Balls Are Afoot","Nick Bolton",KC,LB
honey_badgers,9,"My Balls Are Afoot","Sonny Styles",WAS,LB
honey_badgers,9,"My Balls Are Afoot","Deebo Samuel Sr.",SF,WR
honey_badgers,9,"My Balls Are Afoot","Cameron Dicker",LAC,K
honey_badgers,9,"My Balls Are Afoot","Kaden Elliss",NO,LB
honey_badgers,9,"My Balls Are Afoot","Jauan Jennings",MIN,WR
honey_badgers,9,"My Balls Are Afoot","Sam Darnold",SEA,QB
honey_badgers,10,"The Curious Case of Cookus","Bijan Robinson",ATL,RB
honey_badgers,10,"The Curious Case of Cookus","DeVonta Smith",PHI,WR
honey_badgers,10,"The Curious Case of Cookus","Colston Loveland",CHI,TE
honey_badgers,10,"The Curious Case of Cookus","Chase Brown",CIN,RB
honey_badgers,10,"The Curious Case of Cookus","Garrett Wilson",NYJ,WR
honey_badgers,10,"The Curious Case of Cookus","Brian Thomas Jr.",JAX,WR
honey_badgers,10,"The Curious Case of Cookus","Quentin Johnston",LAC,WR
honey_badgers,10,"The Curious Case of Cookus","De'Zhaun Stribling",SF,WR
honey_badgers,10,"The Curious Case of Cookus","Jordan Mason",MIN,RB
honey_badgers,10,"The Curious Case of Cookus","Trevor Lawrence",JAX,QB
honey_badgers,10,"The Curious Case of Cookus","Nakobe Dean",LV,LB
honey_badgers,10,"The Curious Case of Cookus","Brock Purdy",SF,QB
honey_badgers,10,"The Curious Case of Cookus","Mike Washington Jr.",LV,RB
honey_badgers,10,"The Curious Case of Cookus","Kaelon Black",SF,RB
honey_badgers,10,"The Curious Case of Cookus","Ventrell Miller",JAX,LB
honey_badgers,10,"The Curious Case of Cookus","Terrel Bernard",BUF,LB
honey_badgers,10,"The Curious Case of Cookus","Spencer Shrader",IND,K
honey_badgers,11,"The Trophy Wives","James Cook III",BUF,RB
honey_badgers,11,"The Trophy Wives","A.J. Brown",NE,WR
honey_badgers,11,"The Trophy Wives","Rashee Rice",KC,WR
honey_badgers,11,"The Trophy Wives","Jayden Daniels",WAS,QB
honey_badgers,11,"The Trophy Wives","Davante Adams",LAR,WR
honey_badgers,11,"The Trophy Wives","Trey McBride",ARI,TE
honey_badgers,11,"The Trophy Wives","MarShawn Lloyd",GB,RB
honey_badgers,11,"The Trophy Wives","Jordyn Brooks",MIA,LB
honey_badgers,11,"The Trophy Wives","Cam Skattebo",NYG,RB
honey_badgers,11,"The Trophy Wives","KC Concepcion",CLE,WR
honey_badgers,11,"The Trophy Wives","Ernest Jones IV",SEA,LB
honey_badgers,11,"The Trophy Wives","Jalen Coker",CAR,WR
honey_badgers,11,"The Trophy Wives","Ka'imi Fairbairn",HOU,K
honey_badgers,11,"The Trophy Wives","Aidan Hutchinson",DET,DL,DE
honey_badgers,11,"The Trophy Wives","Jordan Love",GB,QB
honey_badgers,11,"The Trophy Wives","Juwan Johnson",NO,TE
honey_badgers,11,"The Trophy Wives","Kaleb Johnson",GB,RB
honey_badgers,12,"Unicorn Love","De'Von Achane",MIA,RB
honey_badgers,12,"Unicorn Love","CeeDee Lamb",DAL,WR
honey_badgers,12,"Unicorn Love","Ladd McConkey",LAC,WR
honey_badgers,12,"Unicorn Love","Jaylen Warren",PIT,RB
honey_badgers,12,"Unicorn Love","Rhamondre Stevenson",NE,RB
honey_badgers,12,"Unicorn Love","Marvin Harrison Jr.",ARI,WR
honey_badgers,12,"Unicorn Love","J.K. Dobbins",DEN,RB
honey_badgers,12,"Unicorn Love","Drake Maye",NE,QB
honey_badgers,12,"Unicorn Love","Baker Mayfield",TB,QB
honey_badgers,12,"Unicorn Love","Roquan Smith",BAL,LB
honey_badgers,12,"Unicorn Love","Kyle Hamilton",BAL,S
honey_badgers,12,"Unicorn Love","Mark Andrews",BAL,TE
honey_badgers,12,"Unicorn Love","Robert Spillane",NE,LB
honey_badgers,12,"Unicorn Love","Nick Cross",WAS,S
honey_badgers,12,"Unicorn Love","Devin Bush",CHI,LB
honey_badgers,12,"Unicorn Love","Harrison Mevis",LAR,K
honey_badgers,12,"Unicorn Love","Hunter Henry",NE,TE
