League,Position,Rank,Player,NFL Team,PPR Points,Standard Points,Injury Status
2026 -  The League,QB,1,Bryce Young,CAR,31.439999999999998,31.439999999999998,
2026 -  The League,QB,2,Tyler Shough,NO,23.2,23.2,
2026 -  The League,QB,3,Carson Wentz,MIN,19.22,19.22,
2026 -  The League,QB,4,Malik Willis,MIA,16.700000000000003,16.700000000000003,
2026 -  The League,QB,5,Jacoby Brissett,ARI,16.48,16.48,
2026 -  The League,QB,6,C.J. Stroud,HOU,16.46,16.46,
2026 -  The League,QB,7,Deshaun Watson,CLE,14.0,14.0,
2026 -  The League,QB,8,Kirk Cousins,LV,13.799999999999999,13.799999999999999,
2026 -  The League,QB,9,Drew Lock,SEA,12.780000000000001,12.780000000000001,
2026 -  The League,QB,10,Aaron Rodgers,PIT,12.54,12.54,
2026 -  The League,QB,11,Cam Ward,TEN,11.700000000000001,11.700000000000001,
2026 -  The League,QB,12,Baker Mayfield,TB,11.64,11.64,
2026 -  The League,QB,13,Geno Smith,NYJ,9.299999999999999,9.299999999999999,
2026 -  The League,QB,14,Daniel Jones,IND,9.040000000000001,9.040000000000001,
2026 -  The League,QB,15,Cooper Rush,ATL,5.719999999999999,5.719999999999999,
2026 -  The League,RB,1,Devin Singletary,NYG,13.8,9.8,
2026 -  The League,RB,2,Kendre Miller,NO,9.0,9.0,
2026 -  The League,RB,3,Samaje Perine,CIN,8.0,5.0,
2026 -  The League,RB,4,Raheim Sanders,CLE,5.6,2.6,
2026 -  The League,RB,5,Braelon Allen,NYJ,4.0,4.0,
2026 -  The League,RB,6,Justice Hill,BAL,3.8000000000000003,2.8000000000000003,
2026 -  The League,RB,7,Brian Robinson,ATL,3.1,3.1,
2026 -  The League,RB,8,Chris Brooks,GB,2.9000000000000004,2.9000000000000004,
2026 -  The League,RB,9,Sione Vaki,DET,2.8,1.8,
2026 -  The League,RB,10,Kaytron Allen,WAS,1.6,1.6,
2026 -  The League,RB,11,Corey Kiner,NE,1.1,1.1,
2026 -  The League,RB,12,Seth McGowan,IND,1.0,0.0,
2026 -  The League,RB,13,Emari Demercado,DAL,0.7000000000000001,0.7000000000000001,
2026 -  The League,RB,14,Ray Davis,BUF,0.30000000000000004,0.30000000000000004,
2026 -  The League,RB,15,Emanuel Wilson,SEA,0.30000000000000004,0.30000000000000004,
2026 -  The League,TE,1,Mike Gesicki,CIN,18.8,13.8,
2026 -  The League,TE,2,Pat Freiermuth,PIT,15.600000000000001,10.600000000000001,
2026 -  The League,TE,3,Evan Engram,DEN,14.3,10.3,
2026 -  The League,TE,4,T.J. Hockenson,MIN,13.6,9.6,
2026 -  The League,TE,5,Noah Fant,NO,13.3,9.3,
2026 -  The League,TE,6,Cole Kmet,CHI,11.5,9.5,
2026 -  The League,TE,7,Kenyon Sadiq,NYJ,11.4,8.4,
2026 -  The League,TE,8,David Njoku,LAC,10.8,5.800000000000001,
2026 -  The League,TE,9,Brenton Strange,JAX,10.3,8.3,
2026 -  The League,TE,10,Dalton Schultz,HOU,7.5,3.5,
2026 -  The League,TE,11,Eli Raridon,NE,7.2,6.2,
2026 -  The League,TE,12,Jonnu Smith,GB,7.0,5.0,
2026 -  The League,TE,13,Gunnar Helm,TEN,6.800000000000001,2.8000000000000003,
2026 -  The League,TE,14,Cade Otton,TB,5.6,2.6,
2026 -  The League,TE,15,Tommy Tremble,CAR,5.5,2.5,
2026 -  The League,WR,1,Devaughn Vele,NO,19.9,12.9,
2026 -  The League,WR,2,Antonio Williams,WAS,16.4,12.4,
2026 -  The League,WR,3,Kalif Raymond,CHI,16.4,8.4,
2026 -  The League,WR,4,Kendrick Bourne,ARI,15.5,7.5,
2026 -  The League,WR,5,Caleb Douglas,MIA,14.4,9.4,
2026 -  The League,WR,6,Demarcus Robinson,SF,13.0,11.0,
2026 -  The League,WR,7,Jack Bech,LV,11.3,8.3,
2026 -  The League,WR,8,Joshua Palmer,BUF,10.4,9.4,
2026 -  The League,WR,9,Josh Cameron,JAX,10.0,8.0,
2026 -  The League,WR,10,Mack Hollins,NE,9.100000000000001,5.1000000000000005,
2026 -  The League,WR,11,Pat Bryant,DEN,8.2,4.2,
2026 -  The League,WR,12,Elic Ayomanor,TEN,8.1,7.1,
2026 -  The League,WR,13,Jaylin Noel,HOU,7.300000000000001,5.300000000000001,
2026 -  The League,WR,14,Bryce Lance,NO,7.2,4.2,
2026 -  The League,WR,15,Jahdae Walker,CHI,7.1,6.1,
CC Bowl XV CHAMPIONS LEAGUE,QB,1,Bryce Young,CAR,31.439999999999998,31.439999999999998,
CC Bowl XV CHAMPIONS LEAGUE,QB,2,Tyler Shough,NO,23.2,23.2,
CC Bowl XV CHAMPIONS LEAGUE,QB,3,Patrick Mahomes,KC,21.66,21.66,
CC Bowl XV CHAMPIONS LEAGUE,QB,4,Jordan Love,GB,19.48,19.48,
CC Bowl XV CHAMPIONS LEAGUE,QB,5,Carson Wentz,MIN,19.22,19.22,
CC Bowl XV CHAMPIONS LEAGUE,QB,6,Malik Willis,MIA,16.700000000000003,16.700000000000003,
CC Bowl XV CHAMPIONS LEAGUE,QB,7,Jacoby Brissett,ARI,16.48,16.48,
CC Bowl XV CHAMPIONS LEAGUE,QB,8,C.J. Stroud,HOU,16.46,16.46,
CC Bowl XV CHAMPIONS LEAGUE,QB,9,Deshaun Watson,CLE,14.0,14.0,
CC Bowl XV CHAMPIONS LEAGUE,QB,10,Kirk Cousins,LV,13.799999999999999,13.799999999999999,
CC Bowl XV CHAMPIONS LEAGUE,QB,11,Drew Lock,SEA,12.780000000000001,12.780000000000001,
CC Bowl XV CHAMPIONS LEAGUE,QB,12,Aaron Rodgers,PIT,12.54,12.54,
CC Bowl XV CHAMPIONS LEAGUE,QB,13,Cam Ward,TEN,11.700000000000001,11.700000000000001,
CC Bowl XV CHAMPIONS LEAGUE,QB,14,Baker Mayfield,TB,11.64,11.64,
CC Bowl XV CHAMPIONS LEAGUE,QB,15,Geno Smith,NYJ,9.299999999999999,9.299999999999999,
CC Bowl XV CHAMPIONS LEAGUE,RB,1,Chuba Hubbard,CAR,23.700000000000003,20.700000000000003,
CC Bowl XV CHAMPIONS LEAGUE,RB,2,Kyle Monangai,CHI,20.4,18.4,
CC Bowl XV CHAMPIONS LEAGUE,RB,3,Devin Singletary,NYG,13.8,9.8,
CC Bowl XV CHAMPIONS LEAGUE,RB,4,Jacory Croskey-Merritt,WAS,12.600000000000001,11.600000000000001,
CC Bowl XV CHAMPIONS LEAGUE,RB,5,Jordan Mason,MIN,11.9,11.9,Q
CC Bowl XV CHAMPIONS LEAGUE,RB,6,Aaron Jones Sr.,MIN,10.0,10.0,
CC Bowl XV CHAMPIONS LEAGUE,RB,7,Tyler Allgeier,ARI,9.0,7.0,
CC Bowl XV CHAMPIONS LEAGUE,RB,8,Kendre Miller,NO,9.0,9.0,
CC Bowl XV CHAMPIONS LEAGUE,RB,9,Emmett Johnson,KC,8.8,6.800000000000001,
CC Bowl XV CHAMPIONS LEAGUE,RB,10,RJ Harvey,DEN,8.100000000000001,4.1000000000000005,
CC Bowl XV CHAMPIONS LEAGUE,RB,11,Kaelon Black,SF,8.0,7.0,
CC Bowl XV CHAMPIONS LEAGUE,RB,12,Samaje Perine,CIN,8.0,5.0,
CC Bowl XV CHAMPIONS LEAGUE,RB,13,Raheim Sanders,CLE,5.6,2.6,
CC Bowl XV CHAMPIONS LEAGUE,RB,14,Blake Corum,LAR,5.4,5.4,
CC Bowl XV CHAMPIONS LEAGUE,RB,15,Woody Marks,HOU,5.0,4.0,
CC Bowl XV CHAMPIONS LEAGUE,TE,1,Mike Gesicki,CIN,18.8,13.8,
CC Bowl XV CHAMPIONS LEAGUE,TE,2,Pat Freiermuth,PIT,15.600000000000001,10.600000000000001,
CC Bowl XV CHAMPIONS LEAGUE,TE,3,Juwan Johnson,NO,14.4,11.4,
CC Bowl XV CHAMPIONS LEAGUE,TE,4,Evan Engram,DEN,14.3,10.3,
CC Bowl XV CHAMPIONS LEAGUE,TE,5,T.J. Hockenson,MIN,13.6,9.6,
CC Bowl XV CHAMPIONS LEAGUE,TE,6,Noah Fant,NO,13.3,9.3,
CC Bowl XV CHAMPIONS LEAGUE,TE,7,Cole Kmet,CHI,11.5,9.5,
CC Bowl XV CHAMPIONS LEAGUE,TE,8,Kenyon Sadiq,NYJ,11.4,8.4,
CC Bowl XV CHAMPIONS LEAGUE,TE,9,David Njoku,LAC,10.8,5.800000000000001,
CC Bowl XV CHAMPIONS LEAGUE,TE,10,Brenton Strange,JAX,10.3,8.3,
CC Bowl XV CHAMPIONS LEAGUE,TE,11,Michael Mayer,LV,9.2,3.2,
CC Bowl XV CHAMPIONS LEAGUE,TE,12,Dalton Schultz,HOU,7.5,3.5,
CC Bowl XV CHAMPIONS LEAGUE,TE,13,Eli Raridon,NE,7.2,6.2,
CC Bowl XV CHAMPIONS LEAGUE,TE,14,Jonnu Smith,GB,7.0,5.0,
CC Bowl XV CHAMPIONS LEAGUE,TE,15,Gunnar Helm,TEN,6.800000000000001,2.8000000000000003,
CC Bowl XV CHAMPIONS LEAGUE,WR,1,Jalen Coker,CAR,33.8,25.8,Q
CC Bowl XV CHAMPIONS LEAGUE,WR,2,Devaughn Vele,NO,19.9,12.9,
CC Bowl XV CHAMPIONS LEAGUE,WR,3,Deebo Samuel Sr.,SF,18.0,12.0,
CC Bowl XV CHAMPIONS LEAGUE,WR,4,Antonio Williams,WAS,16.4,12.4,
CC Bowl XV CHAMPIONS LEAGUE,WR,5,Kalif Raymond,CHI,16.4,8.4,
CC Bowl XV CHAMPIONS LEAGUE,WR,6,Stefon Diggs,WAS,15.5,11.5,
CC Bowl XV CHAMPIONS LEAGUE,WR,7,Matthew Golden,GB,15.5,9.5,
CC Bowl XV CHAMPIONS LEAGUE,WR,8,Kendrick Bourne,ARI,15.5,7.5,
CC Bowl XV CHAMPIONS LEAGUE,WR,9,Dontayvion Wicks,PHI,15.3,13.3,
CC Bowl XV CHAMPIONS LEAGUE,WR,10,Caleb Douglas,MIA,14.4,9.4,
CC Bowl XV CHAMPIONS LEAGUE,WR,11,Denzel Boston,CLE,13.9,11.9,
CC Bowl XV CHAMPIONS LEAGUE,WR,12,Demarcus Robinson,SF,13.0,11.0,
CC Bowl XV CHAMPIONS LEAGUE,WR,13,Jakobi Meyers,JAX,12.2,10.2,
CC Bowl XV CHAMPIONS LEAGUE,WR,14,Jack Bech,LV,11.3,8.3,
CC Bowl XV CHAMPIONS LEAGUE,WR,15,Michael Wilson,ARI,10.600000000000001,5.6000000000000005,
RFI XIX,QB,1,Bryce Young,CAR,31.439999999999998,31.439999999999998,
RFI XIX,QB,2,Tyler Shough,NO,23.2,23.2,
RFI XIX,QB,3,Carson Wentz,MIN,19.22,19.22,
RFI XIX,QB,4,Malik Willis,MIA,16.700000000000003,16.700000000000003,
RFI XIX,QB,5,Jacoby Brissett,ARI,16.48,16.48,
RFI XIX,QB,6,C.J. Stroud,HOU,16.46,16.46,
RFI XIX,QB,7,Deshaun Watson,CLE,14.0,14.0,
RFI XIX,QB,8,Kirk Cousins,LV,13.799999999999999,13.799999999999999,
RFI XIX,QB,9,Drew Lock,SEA,12.780000000000001,12.780000000000001,
RFI XIX,QB,10,Cam Ward,TEN,11.700000000000001,11.700000000000001,
RFI XIX,QB,11,Geno Smith,NYJ,9.299999999999999,9.299999999999999,
RFI XIX,QB,12,Daniel Jones,IND,9.040000000000001,9.040000000000001,
RFI XIX,QB,13,Cooper Rush,ATL,5.719999999999999,5.719999999999999,
RFI XIX,QB,14,Kenny Pickett,CAR,2.4000000000000004,2.4000000000000004,
RFI XIX,QB,15,Stetson Bennett IV,LAR,1.42,1.42,
RFI XIX,RB,1,Devin Singletary,NYG,13.8,9.8,
RFI XIX,RB,2,Kendre Miller,NO,9.0,9.0,
RFI XIX,RB,3,Samaje Perine,CIN,8.0,5.0,
RFI XIX,RB,4,Raheim Sanders,CLE,5.6,2.6,
RFI XIX,RB,5,Tyjae Spears,TEN,4.4,2.4000000000000004,
RFI XIX,RB,6,Braelon Allen,NYJ,4.0,4.0,
RFI XIX,RB,7,Justice Hill,BAL,3.8000000000000003,2.8000000000000003,
RFI XIX,RB,8,George Holani,SEA,2.9000000000000004,2.9000000000000004,
RFI XIX,RB,9,Chris Brooks,GB,2.9000000000000004,2.9000000000000004,
RFI XIX,RB,10,Sione Vaki,DET,2.8,1.8,
RFI XIX,RB,11,Kaytron Allen,WAS,1.6,1.6,
RFI XIX,RB,12,Corey Kiner,NE,1.1,1.1,
RFI XIX,RB,13,Seth McGowan,IND,1.0,0.0,
RFI XIX,RB,14,Emari Demercado,DAL,0.7000000000000001,0.7000000000000001,
RFI XIX,RB,15,Ray Davis,BUF,0.30000000000000004,0.30000000000000004,
RFI XIX,TE,1,Mike Gesicki,CIN,18.8,13.8,
RFI XIX,TE,2,Pat Freiermuth,PIT,15.600000000000001,10.600000000000001,
RFI XIX,TE,3,Evan Engram,DEN,14.3,10.3,
RFI XIX,TE,4,T.J. Hockenson,MIN,13.6,9.6,
RFI XIX,TE,5,Noah Fant,NO,13.3,9.3,
RFI XIX,TE,6,Cole Kmet,CHI,11.5,9.5,
RFI XIX,TE,7,Kenyon Sadiq,NYJ,11.4,8.4,
RFI XIX,TE,8,David Njoku,LAC,10.8,5.800000000000001,
RFI XIX,TE,9,Brenton Strange,JAX,10.3,8.3,
RFI XIX,TE,10,Michael Mayer,LV,9.2,3.2,
RFI XIX,TE,11,Eli Raridon,NE,7.2,6.2,
RFI XIX,TE,12,Jonnu Smith,GB,7.0,5.0,
RFI XIX,TE,13,Gunnar Helm,TEN,6.800000000000001,2.8000000000000003,
RFI XIX,TE,14,Cade Otton,TB,5.6,2.6,
RFI XIX,TE,15,Tommy Tremble,CAR,5.5,2.5,
RFI XIX,WR,1,Devaughn Vele,NO,19.9,12.9,
RFI XIX,WR,2,Antonio Williams,WAS,16.4,12.4,
RFI XIX,WR,3,Kalif Raymond,CHI,16.4,8.4,
RFI XIX,WR,4,Kendrick Bourne,ARI,15.5,7.5,
RFI XIX,WR,5,Demarcus Robinson,SF,13.0,11.0,
RFI XIX,WR,6,Jack Bech,LV,11.3,8.3,
RFI XIX,WR,7,Joshua Palmer,BUF,10.4,9.4,
RFI XIX,WR,8,Josh Cameron,JAX,10.0,8.0,
RFI XIX,WR,9,Keenan Allen,IND,9.2,3.2,
RFI XIX,WR,10,Mack Hollins,NE,9.100000000000001,5.1000000000000005,
RFI XIX,WR,11,Adonai Mitchell,NYJ,9.0,6.0,
RFI XIX,WR,12,Pat Bryant,DEN,8.2,4.2,
RFI XIX,WR,13,Elic Ayomanor,TEN,8.1,7.1,
RFI XIX,WR,14,Jaylin Noel,HOU,7.300000000000001,5.300000000000001,
RFI XIX,WR,15,Bryce Lance,NO,7.2,4.2,
Rose Bowl XIX,QB,1,Bryce Young,CAR,31.439999999999998,31.439999999999998,
Rose Bowl XIX,QB,2,Tyler Shough,NO,23.2,23.2,
Rose Bowl XIX,QB,3,Carson Wentz,MIN,19.22,19.22,
Rose Bowl XIX,QB,4,Malik Willis,MIA,16.700000000000003,16.700000000000003,
Rose Bowl XIX,QB,5,Jacoby Brissett,ARI,16.48,16.48,
Rose Bowl XIX,QB,6,C.J. Stroud,HOU,16.46,16.46,
Rose Bowl XIX,QB,7,Deshaun Watson,CLE,14.0,14.0,
Rose Bowl XIX,QB,8,Kirk Cousins,LV,13.799999999999999,13.799999999999999,
Rose Bowl XIX,QB,9,Drew Lock,SEA,12.780000000000001,12.780000000000001,
Rose Bowl XIX,QB,10,Aaron Rodgers,PIT,12.54,12.54,
Rose Bowl XIX,QB,11,Cam Ward,TEN,11.700000000000001,11.700000000000001,
Rose Bowl XIX,QB,12,Baker Mayfield,TB,11.64,11.64,
Rose Bowl XIX,QB,13,Geno Smith,NYJ,9.299999999999999,9.299999999999999,
Rose Bowl XIX,QB,14,Daniel Jones,IND,9.040000000000001,9.040000000000001,
Rose Bowl XIX,QB,15,Cooper Rush,ATL,5.719999999999999,5.719999999999999,
Rose Bowl XIX,RB,1,Devin Singletary,NYG,13.8,9.8,
Rose Bowl XIX,RB,2,Kendre Miller,NO,9.0,9.0,
Rose Bowl XIX,RB,3,Samaje Perine,CIN,8.0,5.0,
Rose Bowl XIX,RB,4,Raheim Sanders,CLE,5.6,2.6,
Rose Bowl XIX,RB,5,Justice Hill,BAL,3.8000000000000003,2.8000000000000003,
Rose Bowl XIX,RB,6,George Holani,SEA,2.9000000000000004,2.9000000000000004,
Rose Bowl XIX,RB,7,Chris Brooks,GB,2.9000000000000004,2.9000000000000004,
Rose Bowl XIX,RB,8,Kenny Gainwell,TB,2.8,1.8,
Rose Bowl XIX,RB,9,Sione Vaki,DET,2.8,1.8,
Rose Bowl XIX,RB,10,Kaytron Allen,WAS,1.6,1.6,
Rose Bowl XIX,RB,11,Corey Kiner,NE,1.1,1.1,
Rose Bowl XIX,RB,12,Seth McGowan,IND,1.0,0.0,
Rose Bowl XIX,RB,13,Emari Demercado,DAL,0.7000000000000001,0.7000000000000001,
Rose Bowl XIX,RB,14,Ray Davis,BUF,0.30000000000000004,0.30000000000000004,
Rose Bowl XIX,RB,15,Emanuel Wilson,SEA,0.30000000000000004,0.30000000000000004,
Rose Bowl XIX,TE,1,Mike Gesicki,CIN,18.8,13.8,
Rose Bowl XIX,TE,2,Pat Freiermuth,PIT,15.600000000000001,10.600000000000001,
Rose Bowl XIX,TE,3,Evan Engram,DEN,14.3,10.3,
Rose Bowl XIX,TE,4,T.J. Hockenson,MIN,13.6,9.6,
Rose Bowl XIX,TE,5,Noah Fant,NO,13.3,9.3,
Rose Bowl XIX,TE,6,Cole Kmet,CHI,11.5,9.5,
Rose Bowl XIX,TE,7,Kenyon Sadiq,NYJ,11.4,8.4,
Rose Bowl XIX,TE,8,David Njoku,LAC,10.8,5.800000000000001,
Rose Bowl XIX,TE,9,Michael Mayer,LV,9.2,3.2,
Rose Bowl XIX,TE,10,Eli Raridon,NE,7.2,6.2,
Rose Bowl XIX,TE,11,Jonnu Smith,GB,7.0,5.0,
Rose Bowl XIX,TE,12,Gunnar Helm,TEN,6.800000000000001,2.8000000000000003,
Rose Bowl XIX,TE,13,Cade Otton,TB,5.6,2.6,
Rose Bowl XIX,TE,14,Tommy Tremble,CAR,5.5,2.5,
Rose Bowl XIX,TE,15,Oronde Gadsden,LAC,5.2,3.2,
Rose Bowl XIX,WR,1,Devaughn Vele,NO,19.9,12.9,
Rose Bowl XIX,WR,2,Antonio Williams,WAS,16.4,12.4,
Rose Bowl XIX,WR,3,Kalif Raymond,CHI,16.4,8.4,
Rose Bowl XIX,WR,4,Kendrick Bourne,ARI,15.5,7.5,
Rose Bowl XIX,WR,5,Caleb Douglas,MIA,14.4,9.4,
Rose Bowl XIX,WR,6,Demarcus Robinson,SF,13.0,11.0,
Rose Bowl XIX,WR,7,Jack Bech,LV,11.3,8.3,
Rose Bowl XIX,WR,8,Joshua Palmer,BUF,10.4,9.4,
Rose Bowl XIX,WR,9,Josh Cameron,JAX,10.0,8.0,
Rose Bowl XIX,WR,10,Keenan Allen,IND,9.2,3.2,
Rose Bowl XIX,WR,11,Mack Hollins,NE,9.100000000000001,5.1000000000000005,
Rose Bowl XIX,WR,12,Adonai Mitchell,NYJ,9.0,6.0,
Rose Bowl XIX,WR,13,Pat Bryant,DEN,8.2,4.2,
Rose Bowl XIX,WR,14,Elic Ayomanor,TEN,8.1,7.1,
Rose Bowl XIX,WR,15,Jaylin Noel,HOU,7.300000000000001,5.300000000000001,
The Honey Badgers,QB,1,Bryce Young,CAR,31.439999999999998,31.439999999999998,
The Honey Badgers,QB,2,Tyler Shough,NO,23.2,23.2,
The Honey Badgers,QB,3,Carson Wentz,MIN,19.22,19.22,
The Honey Badgers,QB,4,Jacoby Brissett,ARI,16.48,16.48,
The Honey Badgers,QB,5,C.J. Stroud,HOU,16.46,16.46,
The Honey Badgers,QB,6,Deshaun Watson,CLE,14.0,14.0,
The Honey Badgers,QB,7,Kirk Cousins,LV,13.799999999999999,13.799999999999999,
The Honey Badgers,QB,8,Drew Lock,SEA,12.780000000000001,12.780000000000001,
The Honey Badgers,QB,9,Aaron Rodgers,PIT,12.54,12.54,
The Honey Badgers,QB,10,Cam Ward,TEN,11.700000000000001,11.700000000000001,
The Honey Badgers,QB,11,Geno Smith,NYJ,9.299999999999999,9.299999999999999,
The Honey Badgers,QB,12,Daniel Jones,IND,9.040000000000001,9.040000000000001,
The Honey Badgers,QB,13,Cooper Rush,ATL,5.719999999999999,5.719999999999999,
The Honey Badgers,QB,14,Kenny Pickett,CAR,2.4000000000000004,2.4000000000000004,
The Honey Badgers,QB,15,Stetson Bennett IV,LAR,1.42,1.42,
The Honey Badgers,RB,1,Devin Singletary,NYG,13.8,9.8,
The Honey Badgers,RB,2,Kendre Miller,NO,9.0,9.0,
The Honey Badgers,RB,3,Samaje Perine,CIN,8.0,5.0,
The Honey Badgers,RB,4,Raheim Sanders,CLE,5.6,2.6,
The Honey Badgers,RB,5,Rachaad White,WAS,4.7,2.7,
The Honey Badgers,RB,6,Braelon Allen,NYJ,4.0,4.0,
The Honey Badgers,RB,7,Justice Hill,BAL,3.8000000000000003,2.8000000000000003,
The Honey Badgers,RB,8,George Holani,SEA,2.9000000000000004,2.9000000000000004,
The Honey Badgers,RB,9,Chris Brooks,GB,2.9000000000000004,2.9000000000000004,
The Honey Badgers,RB,10,Sione Vaki,DET,2.8,1.8,
The Honey Badgers,RB,11,Kaytron Allen,WAS,1.6,1.6,
The Honey Badgers,RB,12,Corey Kiner,NE,1.1,1.1,
The Honey Badgers,RB,13,Seth McGowan,IND,1.0,0.0,
The Honey Badgers,RB,14,Keaton Mitchell,LAC,0.9,0.9,
The Honey Badgers,RB,15,Emari Demercado,DAL,0.7000000000000001,0.7000000000000001,
The Honey Badgers,TE,1,Mike Gesicki,CIN,18.8,13.8,
The Honey Badgers,TE,2,Pat Freiermuth,PIT,15.600000000000001,10.600000000000001,
The Honey Badgers,TE,3,Evan Engram,DEN,14.3,10.3,
The Honey Badgers,TE,4,T.J. Hockenson,MIN,13.6,9.6,
The Honey Badgers,TE,5,Noah Fant,NO,13.3,9.3,
The Honey Badgers,TE,6,Cole Kmet,CHI,11.5,9.5,
The Honey Badgers,TE,7,Kenyon Sadiq,NYJ,11.4,8.4,
The Honey Badgers,TE,8,David Njoku,LAC,10.8,5.800000000000001,
The Honey Badgers,TE,9,Brenton Strange,JAX,10.3,8.3,
The Honey Badgers,TE,10,Michael Mayer,LV,9.2,3.2,
The Honey Badgers,TE,11,Dalton Schultz,HOU,7.5,3.5,
The Honey Badgers,TE,12,Eli Raridon,NE,7.2,6.2,
The Honey Badgers,TE,13,Jonnu Smith,GB,7.0,5.0,
The Honey Badgers,TE,14,Gunnar Helm,TEN,6.800000000000001,2.8000000000000003,
The Honey Badgers,TE,15,Cade Otton,TB,5.6,2.6,
The Honey Badgers,WR,1,Devaughn Vele,NO,19.9,12.9,
The Honey Badgers,WR,2,Antonio Williams,WAS,16.4,12.4,
The Honey Badgers,WR,3,Kalif Raymond,CHI,16.4,8.4,
The Honey Badgers,WR,4,Kendrick Bourne,ARI,15.5,7.5,
The Honey Badgers,WR,5,Dontayvion Wicks,PHI,15.3,13.3,
The Honey Badgers,WR,6,Caleb Douglas,MIA,14.4,9.4,
The Honey Badgers,WR,7,Demarcus Robinson,SF,13.0,11.0,
The Honey Badgers,WR,8,Jack Bech,LV,11.3,8.3,
The Honey Badgers,WR,9,Joshua Palmer,BUF,10.4,9.4,
The Honey Badgers,WR,10,Josh Cameron,JAX,10.0,8.0,
The Honey Badgers,WR,11,Keenan Allen,IND,9.2,3.2,
The Honey Badgers,WR,12,Mack Hollins,NE,9.100000000000001,5.1000000000000005,
The Honey Badgers,WR,13,Adonai Mitchell,NYJ,9.0,6.0,
The Honey Badgers,WR,14,Pat Bryant,DEN,8.2,4.2,
The Honey Badgers,WR,15,Elic Ayomanor,TEN,8.1,7.1,
