Rank,Player,Type,Team,Notes
1,"Jahmyr Gibbs",OFF,"",""
2,"Bijan Robinson",OFF,"",""
3,"Jonathan Taylor",OFF,"",""
4,"Saquon Barkley",OFF,"",""
5,"Christian McCaffrey",OFF,"",""
6,"Ja'Marr Chase",OFF,"",""
7,"Derrick Henry",OFF,"",""
8,"Puka Nacua",OFF,"",""
9,"Jaxon Smith-Njigba",OFF,"",""
10,"CeeDee Lamb",OFF,"",""
11,"Amon-Ra St. Brown",OFF,"",""
12,"James Cook III",OFF,"",""
13,"Justin Jefferson",OFF,"",""
14,"Kenneth Walker III",OFF,"",""
15,"Ashton Jeanty",OFF,"",""
16,"Chase Brown",OFF,"",""
17,"Nico Collins",OFF,"",""
18,"De'Von Achane",OFF,"",""
19,"Omarion Hampton",OFF,"",""
20,"A.J. Brown",OFF,"",""
21,"Drake London",OFF,"",""
22,"Brock Bowers",OFF,"",""
23,"Kyren Williams",OFF,"",""
24,"George Pickens",OFF,"",""
25,"Javonte Williams",OFF,"",""
26,"Chris Olave",OFF,"",""
27,"David Montgomery",OFF,"",""
28,"Breece Hall",OFF,"",""
29,"Trey McBride",OFF,"",""
30,"Malik Nabers",OFF,"",""
31,"Josh Allen",OFF,"",""
32,"Tetairoa McMillan",OFF,"",""
33,"Lamar Jackson",OFF,"",""
34,"Jeremiyah Love",OFF,"",""
35,"Tee Higgins",OFF,"",""
36,"Jalen Hurts",OFF,"",""
37,"Travis Etienne Jr.",OFF,"",""
38,"Cam Skattebo",OFF,"",""
39,"Colston Loveland",OFF,"",""
40,"MarShawn Lloyd",OFF,"",""
41,"D'Andre Swift",OFF,"",""
42,"Garrett Wilson",OFF,"",""
43,"Jayden Daniels",OFF,"",""
44,"Ladd McConkey",OFF,"",""
45,"Jaylen Waddle",OFF,"",""
46,"Terry McLaurin",OFF,"",""
47,"Davante Adams",OFF,"",""
48,"Bucky Irving",OFF,"",""
49,"Quinshon Judkins",OFF,"",""
50,"DK Metcalf",OFF,"",""
51,"Christian Watson",OFF,"",""
52,"Brian Thomas Jr.",OFF,"",""
53,"Tyler Warren",OFF,"",""
54,"Tony Pollard",OFF,"",""
55,"Emeka Egbuka",OFF,"",""
56,"Drake Maye",OFF,"",""
57,"Jameson Williams",OFF,"",""
58,"DJ Moore",OFF,"",""
59,"Rome Odunze",OFF,"",""
60,"Joe Burrow",OFF,"",""
61,"TreVeyon Henderson",OFF,"",""
62,"Jadarian Price",OFF,"",""
63,"Bhayshul Tuten",OFF,"",""
64,"Rhamondre Stevenson",OFF,"",""
65,"Caleb Williams",OFF,"",""
66,"Blake Corum",OFF,"",""
67,"Mike Evans",OFF,"",""
68,"Rico Dowdle",OFF,"",""
69,"J.K. Dobbins",OFF,"",""
70,"Chuba Hubbard",OFF,"",""
71,"Emanuel Wilson",OFF,"",""
72,"Dylan Sampson",OFF,"",""
73,"Jordan Mason",OFF,"",""
74,"Kyle Pitts Sr.",OFF,"",""
75,"George Kittle",OFF,"",""
76,"Courtland Sutton",OFF,"",""
77,"Sam LaPorta",OFF,"",""
78,"Chris Godwin Jr.",OFF,"",""
79,"Trevor Lawrence",OFF,"",""
80,"Dak Prescott",OFF,"",""
81,"Justin Herbert",OFF,"",""
82,"Michael Pittman Jr.",OFF,"",""
83,"Quentin Johnston",OFF,"",""
84,"Alec Pierce",OFF,"",""
85,"RJ Harvey",OFF,"",""
86,"Jacory Croskey-Merritt",OFF,"",""
87,"Stefon Diggs",OFF,"",""
88,"Brock Purdy",OFF,"",""
89,"Travis Kelce",OFF,"",""
90,"Jordan Addison",OFF,"",""
91,"Jaxson Dart",OFF,"",""
92,"Kenny Gainwell",OFF,"",""
93,"Kyle Monangai",OFF,"",""
94,"Patrick Mahomes",OFF,"",""
95,"Dalton Kincaid",OFF,"",""
96,"Aaron Jones Sr.",OFF,"",""
97,"Bo Nix",OFF,"",""
98,"Matthew Stafford",OFF,"",""
99,"Jared Goff",OFF,"",""
100,"Dallas Goedert",OFF,"",""
101,"Mark Andrews",OFF,"",""
102,"Chris Rodriguez Jr.",OFF,"",""
103,"Tyler Allgeier",OFF,"",""
104,"Tank Bigsby",OFF,"",""
105,"Jonah Coleman",OFF,"",""
106,"Braelon Allen",OFF,"",""
107,"Ray Davis",OFF,"",""
108,"De'Zhaun Stribling",OFF,"",""
109,"Jonathon Brooks",OFF,"",""
110,"Alvin Kamara",OFF,"",""
111,"Tyrone Tracy Jr.",OFF,"",""
112,"Zach Charbonnet",OFF,"",""
113,"Brenton Strange",OFF,"",""
114,"Chig Okonkwo",OFF,"",""
115,"Rashid Shaheed",OFF,"",""
116,"Denzel Boston",OFF,"",""
117,"Dalton Schultz",OFF,"",""
118,"Adonai Mitchell",OFF,"",""
119,"Brian Robinson",OFF,"",""
120,"Isiah Pacheco",OFF,"",""
121,"Tre Tucker",OFF,"",""
122,"Jauan Jennings",OFF,"",""
123,"Jalen McMillan",OFF,"",""
124,"Jerry Jeudy",OFF,"",""
125,"AJ Barner",OFF,"",""
126,"Mike Washington Jr.",OFF,"",""
127,"Dontayvion Wicks",OFF,"",""
128,"Oronde Gadsden",OFF,"",""
129,"Jalen Nailor",OFF,"",""
130,"Tre' Harris",OFF,"",""
131,"Omar Cooper Jr.",OFF,"",""
132,"Kayshon Boutte",OFF,"",""
133,"Pat Bryant",OFF,"",""
134,"Ryan Flournoy",OFF,"",""
135,"Emmett Johnson",OFF,"",""
136,"Houston Texans DEF",DEF,"HOU","👑 Consensus DST1 / Will Anderson & Hunter Pressure Engine"
137,"Malik Washington",OFF,"",""
138,"Sean Tucker",OFF,"",""
139,"Keenan Allen",OFF,"",""
140,"Kimani Vidal",OFF,"",""
141,"Tank Dell",OFF,"",""
142,"Calvin Ridley",OFF,"",""
143,"Jaylin Noel",OFF,"",""
144,"Denver Broncos DEF",DEF,"DEN","👑 Consensus DST2 / Vance Joseph #1 Blitz Rate & Sacks"
145,"Travis Hunter",OFF,"",""
146,"Nicholas Singleton",OFF,"",""
147,"Rashod Bateman",OFF,"",""
148,"Isaac TeSlaa",OFF,"",""
149,"Jaydon Blue",OFF,"",""
150,"Kaytron Allen",OFF,"",""
151,"James Conner",OFF,"",""
152,"Los Angeles Rams DEF",DEF,"LAR","⚡ DST3 / Myles Garrett Addition + Kobie Turner"
153,"Darnell Mooney",OFF,"",""
154,"Troy Franklin",OFF,"",""
155,"Keaton Mitchell",OFF,"",""
156,"Cooper Kupp",OFF,"",""
157,"George Holani",OFF,"",""
158,"Jaylen Wright",OFF,"",""
159,"T.J. Hockenson",OFF,"",""
160,"Seattle Seahawks DEF",DEF,"SEA","⚡ DST4 / Mike Macdonald Scheme + Witherspoon"
161,"Germie Bernard",OFF,"",""
162,"Ollie Gordon II",OFF,"",""
163,"Zachariah Branch",OFF,"",""
164,"Devaughn Vele",OFF,"",""
165,"Antonio Williams",OFF,"",""
166,"Malachi Fields",OFF,"",""
167,"Justice Hill",OFF,"",""
168,"Philadelphia Eagles DEF",DEF,"PHI","🎖️ DST5 / Vic Fangio Front + Jalen Carter & Baun"
169,"Jack Bech",OFF,"",""
170,"Isaiah Davis",OFF,"",""
171,"Kaelon Black",OFF,"",""
172,"Demond Claiborne",OFF,"",""
173,"Elic Ayomanor",OFF,"",""
174,"Tory Horton",OFF,"",""
175,"Najee Harris",OFF,"",""
176,"Jacksonville Jaguars DEF",DEF,"JAC","🎖️ DST6 / Ryan Nielsen Sacks (Walker + Hines-Allen)"
177,"Keon Coleman",OFF,"",""
178,"Samaje Perine",OFF,"",""
179,"Ted Hurst III",OFF,"",""
180,"Jordan James",OFF,"",""
181,"Ja'Kobi Lane",OFF,"",""
182,"Chimere Dike",OFF,"",""
183,"Ty Johnson",OFF,"",""
184,"Pittsburgh Steelers DEF",DEF,"PIT","🎖️ DST7 / T.J. Watt Strip-Sack Floor & Turnovers"
185,"Chris Bell",OFF,"",""
186,"LeQuint Allen Jr.",OFF,"",""
187,"Tyquan Thornton",OFF,"",""
188,"Darius Slayton",OFF,"",""
189,"DJ Giddens",OFF,"",""
190,"Christian Kirk",OFF,"",""
191,"Malik Davis",OFF,"",""
192,"Los Angeles Chargers DEF",DEF,"LAC","🎯 DST8 / Jesse Minter #1 Low-Scoring Anchor"
193,"Elijah Sarratt",OFF,"",""
194,"Xavier Legette",OFF,"",""
195,"Josh Jacobs",OFF,"",""
196,"Trey Benson",OFF,"",""
197,"Devin Neal",OFF,"",""
198,"Seth McGowan",OFF,"",""
199,"Marvin Mims Jr.",OFF,"",""
200,"Baltimore Ravens DEF",DEF,"BAL","🎯 DST9 / Roquan Smith & Hamilton Turnover Engine"
201,"Adam Randall",OFF,"",""
202,"Kendre Miller",OFF,"",""
203,"Caleb Douglas",OFF,"",""
204,"Brashard Smith",OFF,"",""
205,"Devin Singletary",OFF,"",""
206,"Emari Demercado",OFF,"",""
207,"Hollywood Brown",OFF,"",""
208,"San Francisco 49ers DEF",DEF,"SF","🎯 DST10 / Nick Bosa & Warner Floor"
209,"Trevor Etienne",OFF,"",""
210,"Mack Hollins",OFF,"",""
211,"Kaleb Johnson",OFF,"",""
212,"Cyrus Allen",OFF,"",""
213,"Cleveland Browns DEF",DEF,"CLE","🚀 DST11 / Jim Schwartz Attack Front & Schwesinger"
214,"Kansas City Chiefs DEF",DEF,"KC","🚀 DST12 / Steve Spagnuolo Blitz Specialist"
