1,Jahmyr Gibbs
2,Bijan Robinson
3,Christian McCaffrey
4,Jonathan Taylor
5,Puka Nacua
6,Ja'Marr Chase
7,Jaxon Smith-Njigba
8,Derrick Henry
9,Amon-Ra St. Brown
10,De'Von Achane
11,James Cook III
12,Chase Brown
13,Saquon Barkley
14,Josh Allen
15,Kenneth Walker III
16,Trey McBride
17,Ashton Jeanty
18,Drake London
19,Brock Bowers
20,Omarion Hampton
21,CeeDee Lamb
22,Jordyn Brooks
23,Jeremiyah Love
24,Javonte Williams
25,Justin Jefferson
26,Breece Hall
27,Rashee Rice
28,Blake Cashman
29,Kyren Williams
30,Chris Olave
31,A.J. Brown
32,Travis Etienne Jr.
33,Cam Skattebo
34,George Pickens
35,Nico Collins
36,Jack Campbell
37,T.J. Edwards
38,Colston Loveland
39,D'Andre Swift
40,Nick Bolton
41,Zay Flowers
42,Malik Nabers
43,Carson Schwesinger
44,Fred Warner
45,Quinshon Judkins
46,Bucky Irving
47,Mack Wilson Sr.
48,Garrett Wilson
49,Foyesade Oluokun
50,Tetairoa McMillan
51,DeVonta Smith
52,Bhayshul Tuten
53,Cedric Gray
54,Lamar Jackson
55,Emeka Egbuka
56,Tyler Warren
57,Ernest Jones IV
58,Quay Walker
59,Harold Fannin Jr.
60,Davante Adams
61,Alex Singleton
62,Tee Higgins
63,Jamien Sherwood
64,Roquan Smith
65,Drake Maye
66,Joe Burrow
67,Jameson Williams
68,Tremaine Edmunds
69,George Kittle
70,Nakobe Dean
71,Nate Landman
72,Jalen Hurts
73,David Montgomery
74,Kyle Pitts Sr.
75,Sam LaPorta
76,Zack Baun
77,Jayden Daniels
78,Ladd McConkey
79,Dallas Goedert
80,Bobby Okereke
81,Robert Spillane
82,Travis Kelce
83,Dak Prescott
84,Demario Davis
85,Dre Greenlaw
86,Tucker Kraft
87,Daiyan Henley
88,Terry McLaurin
89,Barrett Carter
90,Edgerrin Cooper
91,Patrick Queen
92,Rome Odunze
93,DJ Moore
94,Azeez Al-Shaair
95,Matthew Stafford
96,Jaylen Waddle
97,Jaylen Warren
98,Jadarian Price
99,TreVeyon Henderson
100,Luther Burden III
101,Sonny Styles
102,Tony Pollard
103,Jaquan Brisker
104,Rhamondre Stevenson
105,Mark Andrews
106,Kaden Elliss
107,Devin Bush Jr.
108,Nick Scott
109,Christian Watson
110,DeMarvion Overshown
111,Trevor Lawrence
112,Caleb Williams
113,Brock Purdy
114,Budda Baker
115,Isaiah Likely
116,Patrick Mahomes II
117,Courtland Sutton
118,Kyle Hamilton
119,J.K. Dobbins
120,Alec Pierce
121,Devin Lloyd
122,Marvin Harrison Jr.
123,Jaxson Dart
124,Rico Dowdle
125,Mike Evans
126,Frankie Luvu
127,Kam Curl
128,Dalton Kincaid
129,DK Metcalf
130,Tykee Smith
131,Christian Elliss
132,Alohi Gilman
133,Jake Ferguson
134,Jared Goff
135,Jacob Rodriguez
136,Zaire Franklin
137,Bo Nix
138,DaRon Bland
139,Justin Herbert
140,Demetrius Knight Jr.
141,Nick Cross
142,Trent McDuffie
143,Quincy Williams
144,Terrel Bernard
145,Hunter Henry
146,Dante Trader Jr.
147,Jeremy Chinn
148,Christian Gonzalez
149,Divine Deablo
150,Derwin James Jr.
151,Xavier McKinney
152,Cody Barton
153,Eric Wilson
154,Chuba Hubbard
155,Juwan Johnson
156,Cam Lewis
157,Nick Emmanwori
158,Brenton Strange
159,Talanoa Hufanga
160,Antoine Winfield Jr.
161,Drue Tranquill
162,Parker Washington
163,Craig Woodson
164,Chamarri Conner
165,Dadrion Taylor-Demerson
166,Jordan Battle
167,Brian Thomas Jr.
168,Derrick Barnes
169,Dorian Williams
170,Jihaad Campbell
171,Maxx Crosby
172,Arvell Reese
173,Michael Pittman Jr.
174,Ventrell Miller
175,Kevin Winston Jr.
176,Jonathon Brooks
177,Joshua Metellus
178,MarShawn Lloyd
179,Alex Anzalone
180,Quentin Lake
181,Ji'Ayir Brown
182,Eric Murray
183,Kamari Lassiter
184,Dalton Schultz
185,Tre'von Moehrig
186,Henry To'oTo'o
187,Akeem Davis-Gaither
188,Kevin Byard III
189,Zyon McCollum
190,Carnell Tate
191,Kyler Murray
192,Myles Garrett
193,Jayden Reed
194,Jessie Bates III
195,Amani Hooker
196,Kenny Gainwell
197,Brian Burns
198,Michael Wilson
199,D.J. Reed Jr.
200,Xavier Watts
201,Quentin Johnston
202,Cooper DeJean
203,Dax Hill
204,Jalen Thompson
205,A.J. Terrell Jr.
206,Cole Bishop
207,Minkah Fitzpatrick
208,Jeffery Simmons
209,Kyle Monangai
210,Ronnie Hickman Jr.
211,Jakobi Meyers
212,Omar Speights
213,Chris Godwin Jr.
214,Jordan Addison
215,Kool-Aid McKinstry
216,Rachaad White
217,C.J. Gardner-Johnson
218,Paulson Adebo
219,Baker Mayfield
220,Brandon Jones
221,Zayne Anderson
222,T.J. Hockenson
223,Jevon Holland
224,Ty Okada
225,Devon Witherspoon
226,Jaylon Carlies
227,Reed Blankenship
228,Jalen Ramsey
229,Pat Freiermuth
230,Dillon Thieneman
231,Jordan Love
232,Aaron Jones Sr.
233,Xavier Worthy
234,Jacory Croskey-Merritt
235,Wan'Dale Robinson
236,Carlton Davis III
237,Jalen Pitre
238,Nate Wiggins
239,Bryan Cook
240,De'Zhaun Stribling
241,Andrew Van Ginkel
242,Julian Love
243,Greg Dulcich
244,Tyler Shough
245,Christian Harris
246,Drake Thomas
247,Evan Williams
248,Alontae Taylor
249,Matthew Golden
250,Kenyon Sadiq
251,Tyrique Stevenson
252,RJ Harvey
253,Dee Winters
254,Malaki Starks
255,Tyson Campbell
256,Jordan Mason
257,Aidan Hutchinson
258,Caleb Downs
259,Grant Delpit
260,Andrew Mukuba
