week,league,team_a,pts_a,proj_a,team_b,pts_b,proj_b,winner_team_key
1,2026 -  The League,Berserker,176.36,123.58,Postino's Banditos,146.66,117.1,470.l.117200.t.1
1,2026 -  The League,Billy Goat Tavern,124.7,118.47,I LIKE BIG TDS,164.42,125.49,470.l.117200.t.5
1,2026 -  The League,Dumpster Fire,127,120.34,MombaMentality,126.56,111.88,470.l.117200.t.3
1,2026 -  The League,Fat Lazy Americans,107.86,117.37,Kona’s Kickers,128.04,104.62,470.l.117200.t.6
1,2026 -  The League,No Talent Ass Clowns,130.12,113.85,Oroszlanok,108.8,112.68,470.l.117200.t.8
1,2026 -  The League,Rafi Bomb Returns!,128.46,121.19,Wailin Raylans,101.2,125.29,470.l.117200.t.11
1,The Honey Badgers,Olivators,158.91,130.54,Comfy In Chair,164.29,128.63,470.l.351555.t.8
1,The Honey Badgers,CopperTheBigRedDog,196.32,136.06,My Balls Are Afoot,132.11,124.85,470.l.351555.t.2
1,The Honey Badgers,Dolphin Boobiez,144.16,133.13,Fat Lazy Americans,142.51,127.22,470.l.351555.t.3
1,The Honey Badgers,Jesus take the wheel,143.2,121.09,JRZ,119.41,126.86,470.l.351555.t.5
1,The Honey Badgers,Kryponite,94.65,116.35,The Trophy Wives,130.76,113.56,470.l.351555.t.11
1,The Honey Badgers,The Curious Case of Cookus,158.15,132.08,Unicorn Love,112.79,132.74,470.l.351555.t.10
1,Rose Bowl XIX,Fat Lazy Americans,121.96,131.59,Concussion Protocol,166.86,118.78,470.l.735815.t.5
1,Rose Bowl XIX,Nabers of the Lost Ark,135.16,136.05,Waiting for Basketball,107.8,125,470.l.735815.t.2
1,Rose Bowl XIX,CallinginSickMonday,156.7,135.84,Jukin Junies,222.26,130.13,470.l.735815.t.7
1,Rose Bowl XIX,Chubbtown Brownies,132.5,120.39,Panda XL,184.52,129.78,470.l.735815.t.10
1,Rose Bowl XIX,Sir Nix A Lot,107.14,117.9,L.V. Rosekillers,98.56,132.47,470.l.735815.t.6
1,Rose Bowl XIX,OUTLAWS,110.96,122.21,Bear Force One,112.12,129.35,470.l.735815.t.12
1,CC Bowl XV CHAMPIONS LEAGUE,Fat Lazy Americans,196.56,151.35,Ninja Goblins,108.22,135.38,470.l.735870.t.1
1,CC Bowl XV CHAMPIONS LEAGUE,CallingInSickMonday,159.46,133.32,Isotopes,126,130.62,470.l.735870.t.2
1,CC Bowl XV CHAMPIONS LEAGUE,KC Masterpiece,152.66,137.4,Prestige Worldwide,196.36,153.15,470.l.735870.t.6
1,CC Bowl XV CHAMPIONS LEAGUE,The Omen,184.7,146.59,Ava's Mafia,115.56,145.41,470.l.735870.t.7
1,RFI XIX,Tremendous Slouch,107.86,101.69,Shrimp Gang,133.76,100.96,470.l.772245.t.9
1,RFI XIX,Snookies Squad,93.46,105.97,Doug Exeter,127.16,99.16,470.l.772245.t.4
1,RFI XIX,Golden Domers 4 J&J,103.46,101.27,2026 Champ!,81.2,107.78,470.l.772245.t.3
1,RFI XIX,Fat Lazy AmAndicans,122.26,87.73,Tough Nuts,120.72,101.55,470.l.772245.t.5
1,RFI XIX,NotSoNewlyWedz,85.7,108.36,Shanimals,89.82,106.09,470.l.772245.t.10
1,RFI XIX,CousinCamp,121.34,101.22,Sheriff Of Paddy's,156.1,107.3,470.l.772245.t.11
2,2026 -  The League,Berserker,112.8,125.66,Fat Lazy Americans,147.18,120.91,470.l.117200.t.4
2,2026 -  The League,Billy Goat Tavern,103.58,113.09,Kona’s Kickers,94.54,115.66,470.l.117200.t.2
2,2026 -  The League,Dumpster Fire,95.86,118.23,Postino's Banditos,109.72,113.74,470.l.117200.t.10
2,2026 -  The League,I LIKE BIG TDS,131.66,106.54,Wailin Raylans,130.56,124.32,470.l.117200.t.5
2,2026 -  The League,MombaMentality,123.02,122.17,Oroszlanok,117.98,118.97,470.l.117200.t.7
2,2026 -  The League,No Talent Ass Clowns,102.52,115.31,Rafi Bomb Returns!,127.9,125.1,470.l.117200.t.11
2,The Honey Badgers,Olivators,146.65,130.02,CopperTheBigRedDog,130.11,131.25,470.l.351555.t.1
2,The Honey Badgers,Dolphin Boobiez,174.97,134.03,My Balls Are Afoot,125.23,125.3,470.l.351555.t.3
2,The Honey Badgers,Fat Lazy Americans,108.67,121.12,JRZ,163.23,122.32,470.l.351555.t.6
2,The Honey Badgers,Jesus take the wheel,112.83,118.04,The Trophy Wives,147.64,131.25,470.l.351555.t.11
2,The Honey Badgers,Kryponite,133.46,129.69,The Curious Case of Cookus,141.73,132.19,470.l.351555.t.10
2,The Honey Badgers,Comfy In Chair,131.97,126.2,Unicorn Love,111.02,131.49,470.l.351555.t.8
2,Rose Bowl XIX,Fat Lazy Americans,118.38,131.71,Jukin Junies,170.52,139.02,470.l.735815.t.7
2,Rose Bowl XIX,Nabers of the Lost Ark,117.64,137.84,CallinginSickMonday,161.06,138.44,470.l.735815.t.3
2,Rose Bowl XIX,Chubbtown Brownies,122.86,124.07,OUTLAWS,113.68,106.16,470.l.735815.t.4
2,Rose Bowl XIX,Concussion Protocol,134.52,139.92,Panda XL,125.54,119.76,470.l.735815.t.5
2,Rose Bowl XIX,Sir Nix A Lot,111.22,129.34,Bear Force One,90.28,117.59,470.l.735815.t.6
2,Rose Bowl XIX,L.V. Rosekillers,144.3,129.55,Waiting for Basketball,105.44,132.27,470.l.735815.t.8
2,CC Bowl XV CHAMPIONS LEAGUE,Fat Lazy Americans,147.92,155.31,Isotopes,127.22,134.61,470.l.735870.t.1
2,CC Bowl XV CHAMPIONS LEAGUE,CallingInSickMonday,177.2,143.05,Prestige Worldwide,83.42,145.66,470.l.735870.t.2
2,CC Bowl XV CHAMPIONS LEAGUE,KC Masterpiece,159.38,136.68,Ava's Mafia,148.88,146.83,470.l.735870.t.4
2,CC Bowl XV CHAMPIONS LEAGUE,Ninja Goblins,156.76,133.52,The Omen,122.76,149.99,470.l.735870.t.5
2,RFI XIX,Tremendous Slouch,129.82,109.24,Tough Nuts,108.26,100.21,470.l.772245.t.1
2,RFI XIX,Snookies Squad,70.18,103.15,NotSoNewlyWedz,132.76,106.51,470.l.772245.t.7
2,RFI XIX,Golden Domers 4 J&J,89.92,106.04,Shanimals,74.02,96.47,470.l.772245.t.3
2,RFI XIX,Doug Exeter,119,100.88,Shrimp Gang,88.04,105.99,470.l.772245.t.4
2,RFI XIX,Fat Lazy AmAndicans,104.12,104.15,Sheriff Of Paddy's,111.56,107.37,470.l.772245.t.11
2,RFI XIX,2026 Champ!,106.48,97.03,CousinCamp,101.88,103.48,470.l.772245.t.6
3,2026 -  The League,Berserker,150.54,130.09,Billy Goat Tavern,126.9,115.43,470.l.117200.t.1
3,2026 -  The League,Dumpster Fire,128.68,109.38,Oroszlanok,153.58,122.19,470.l.117200.t.9
3,2026 -  The League,Fat Lazy Americans,136.24,126.34,Postino's Banditos,108.64,118.46,470.l.117200.t.4
3,2026 -  The League,I LIKE BIG TDS,105.44,123.36,No Talent Ass Clowns,73.46,118.57,470.l.117200.t.5
3,2026 -  The League,Kona’s Kickers,110.26,94.84,Wailin Raylans,110.24,126.23,470.l.117200.t.6
3,2026 -  The League,MombaMentality,103.56,122.99,Rafi Bomb Returns!,162.28,125.3,470.l.117200.t.11
3,The Honey Badgers,Olivators,129.1,133.39,Dolphin Boobiez,183.91,137.99,470.l.351555.t.3
3,The Honey Badgers,CopperTheBigRedDog,140.97,133.62,Comfy In Chair,125.69,128.9,470.l.351555.t.2
3,The Honey Badgers,Fat Lazy Americans,146.99,130.23,The Trophy Wives,126.68,132.01,470.l.351555.t.4
3,The Honey Badgers,Jesus take the wheel,94.7,119.5,The Curious Case of Cookus,173.58,137.08,470.l.351555.t.10
3,The Honey Badgers,JRZ,106.94,132.81,My Balls Are Afoot,160.53,127.47,470.l.351555.t.9
3,The Honey Badgers,Kryponite,94.59,126.86,Unicorn Love,118.23,95.44,470.l.351555.t.12
3,Rose Bowl XIX,Fat Lazy Americans,139.94,134.13,Nabers of the Lost Ark,186.4,141.39,470.l.735815.t.2
3,Rose Bowl XIX,CallinginSickMonday,142.8,144.73,L.V. Rosekillers,135.54,137.64,470.l.735815.t.3
3,Rose Bowl XIX,Chubbtown Brownies,123.08,117.52,Concussion Protocol,154.56,135.75,470.l.735815.t.5
3,Rose Bowl XIX,Sir Nix A Lot,129.24,131.77,OUTLAWS,120.52,117.83,470.l.735815.t.6
3,Rose Bowl XIX,Jukin Junies,152.76,142.11,Panda XL,110.32,132.15,470.l.735815.t.7
3,Rose Bowl XIX,Waiting for Basketball,143.24,118.29,Bear Force One,130.68,120.93,470.l.735815.t.11
3,CC Bowl XV CHAMPIONS LEAGUE,Fat Lazy Americans,207.46,157.07,Prestige Worldwide,113.64,141.86,470.l.735870.t.1
3,CC Bowl XV CHAMPIONS LEAGUE,CallingInSickMonday,160.34,158.78,Ava's Mafia,104.78,129.2,470.l.735870.t.2
3,CC Bowl XV CHAMPIONS LEAGUE,Isotopes,108.86,133.51,Ninja Goblins,117.82,138.3,470.l.735870.t.5
3,CC Bowl XV CHAMPIONS LEAGUE,KC Masterpiece,174.84,137.07,The Omen,155.04,144.25,470.l.735870.t.4
3,RFI XIX,Tremendous Slouch,104.16,109.25,Sheriff Of Paddy's,136.18,115.55,470.l.772245.t.11
3,RFI XIX,Snookies Squad,99.12,99.3,Shanimals,90.66,85.04,470.l.772245.t.2
3,RFI XIX,Golden Domers 4 J&J,103.24,97.54,CousinCamp,128.38,105.44,470.l.772245.t.8
3,RFI XIX,Doug Exeter,143.7,105.3,Tough Nuts,118.02,104.86,470.l.772245.t.4
3,RFI XIX,Fat Lazy AmAndicans,99.24,106.98,2026 Champ!,71.24,106.02,470.l.772245.t.5
3,RFI XIX,NotSoNewlyWedz,93.14,99.54,Shrimp Gang,89.78,106.16,470.l.772245.t.7
4,2026 -  The League,Berserker,150.68,134.79,Wailin Raylans,135.5,118.81,
4,2026 -  The League,Billy Goat Tavern,110.24,118.47,Fat Lazy Americans,128.22,124,
4,2026 -  The League,Dumpster Fire,115.48,115.49,Rafi Bomb Returns!,147.58,132.17,
4,2026 -  The League,I LIKE BIG TDS,152.7,135.69,MombaMentality,135.92,120.92,
4,2026 -  The League,Kona’s Kickers,103.08,113.19,No Talent Ass Clowns,104.1,105.46,
4,2026 -  The League,Oroszlanok,157.82,125.21,Postino's Banditos,131.96,127.62,
4,The Honey Badgers,Olivators,188.98,129.3,JRZ,154.9,131.19,
4,The Honey Badgers,CopperTheBigRedDog,179.37,129.61,Unicorn Love,143.2,123.18,
4,The Honey Badgers,Dolphin Boobiez,137.37,148.23,Comfy In Chair,133.11,141.2,
4,The Honey Badgers,Fat Lazy Americans,109.51,129.86,The Curious Case of Cookus,130.77,135.32,
4,The Honey Badgers,Jesus take the wheel,80.74,118.21,Kryponite,107.4,105.18,
4,The Honey Badgers,My Balls Are Afoot,155.62,133.16,The Trophy Wives,129.43,131.14,
4,Rose Bowl XIX,Fat Lazy Americans,157.32,129.54,L.V. Rosekillers,158.38,140.85,
4,Rose Bowl XIX,Nabers of the Lost Ark,119.54,148.47,Panda XL,103.7,125.41,
4,Rose Bowl XIX,CallinginSickMonday,165.3,144.34,Bear Force One,191.56,134.05,
4,Rose Bowl XIX,Chubbtown Brownies,172.48,129.27,Sir Nix A Lot,107.76,139.06,
4,Rose Bowl XIX,Concussion Protocol,110.58,138.64,Jukin Junies,109.02,131.04,
4,Rose Bowl XIX,OUTLAWS,134.74,109.53,Waiting for Basketball,107.18,118.71,
4,CC Bowl XV CHAMPIONS LEAGUE,Fat Lazy Americans,153.32,160.86,Ava's Mafia,141.04,134.74,
4,CC Bowl XV CHAMPIONS LEAGUE,CallingInSickMonday,125.48,156.49,The Omen,157.26,163.41,
4,CC Bowl XV CHAMPIONS LEAGUE,Isotopes,227.66,138.48,Prestige Worldwide,148,150.04,
4,CC Bowl XV CHAMPIONS LEAGUE,KC Masterpiece,135.48,142.93,Ninja Goblins,136.68,131.69,
4,RFI XIX,Tremendous Slouch,83.46,105.55,2026 Champ!,116,107.82,
4,RFI XIX,Snookies Squad,89.28,106.28,Golden Domers 4 J&J,110.46,97.39,
4,RFI XIX,Doug Exeter,96.38,110.46,Sheriff Of Paddy's,103.18,114.71,
4,RFI XIX,Fat Lazy AmAndicans,89.9,112.4,CousinCamp,128.82,111.69,
4,RFI XIX,NotSoNewlyWedz,142,106.84,Tough Nuts,101.92,103.41,
4,RFI XIX,Shrimp Gang,131.18,106.5,Shanimals,112.24,94.58,
