week,team,opp,home_away,su,pts,opp_pts,margin,line,ats,cover_margin,total,ou,implied_pts,plays,yards,ypp,opp_yards,opp_ypp,ypp_diff,pass_yds,rush_yds,third_pct,rz_td_pct,sacks_made,sacks_taken,giveaways,takeaways,to_margin,def_td,top_sec,drives,td_drives,pts_per_drive,record_after,flags
1,NE,SEA,away,L,10,13,-3,3,P,0,44.5,U,20.8,67,277,4.1,285,5.9,-1.8,168,109,0.312,0.5,2,3,3,0,-3,0,2057,9,1,1.11,0-1,"[""TO margin -3"",""ATS within 1.5""]"
1,SEA,NE,home,W,13,10,3,-3,P,0,44.5,U,23.8,48,285,5.9,277,4.1,1.8,188,97,0.182,0,3,2,0,3,3,0,1543,10,1,1.3,1-0,"[""TO margin +3"",""ATS within 1.5""]"
1,SF,LAR,away,W,27,7,20,3.5,W,23.5,47.5,U,22,64,379,5.9,290,5.1,0.8,205,174,0.583,0.667,0,0,1,2,1,0,2030,9,3,3,1-0,[]
1,LAR,SF,home,L,7,27,-20,-3.5,L,-23.5,47.5,U,25.5,57,290,5.1,379,5.9,-0.8,168,122,0.222,0.333,0,0,2,1,-1,0,1570,10,1,0.7,0-1,"[""red-zone stalls""]"
1,ATL,PIT,away,L,13,20,-7,6.5,L,-0.5,40.5,U,17,57,238,4.2,264,4.1,0.1,118,120,0.167,,2,4,2,1,-1,0,1867,13,2,1,0-1,"[""ATS within 1.5""]"
1,PIT,ATL,home,W,20,13,7,-6.5,W,0.5,40.5,U,23.5,64,264,4.1,238,4.2,-0.1,206,58,0.231,0.5,4,2,1,2,1,1,1733,13,1,1.54,1-0,"[""defensive/ST TD"",""ATS within 1.5""]"
1,BAL,IND,away,W,41,23,18,-3,W,15,48.5,O,25.8,64,506,7.9,251,4.7,3.2,304,202,0.333,0.75,2,2,1,2,1,0,2120,13,5,3.15,1-0,[]
1,IND,BAL,home,L,23,41,-18,3,L,-15,48.5,O,22.8,53,251,4.7,506,7.9,-3.2,149,102,0.3,1,2,2,2,1,-1,0,1480,12,3,1.92,0-1,[]
1,BUF,HOU,away,W,36,31,5,-1.5,W,3.5,44.5,O,23,52,409,7.9,381,5.2,2.7,323,86,0.333,0.333,3,2,0,2,2,0,1423,12,4,3,1-0,"[""TO margin +2"",""red-zone stalls""]"
1,HOU,BUF,home,L,31,36,-5,1.5,L,-3.5,44.5,O,21.5,73,381,5.2,409,7.9,-2.7,257,124,0.438,0.8,2,3,2,0,-2,0,2177,11,4,2.82,0-1,"[""TO margin -2""]"
1,CHI,CAR,away,W,59,37,22,-3,W,19,47.5,O,25.2,70,552,7.9,478,7.7,0.2,261,291,0.714,1,2,2,1,3,2,0,2043,14,8,4.21,1-0,"[""TO margin +2""]"
1,CAR,CHI,home,L,37,59,-22,3,L,-19,47.5,O,22.2,62,478,7.7,552,7.9,-0.2,353,125,0.444,1,2,2,3,1,-2,0,1557,13,5,2.85,0-1,"[""TO margin -2""]"
1,CLE,JAX,away,L,10,34,-24,8.5,L,-15.5,40.5,O,16,49,272,5.6,360,6.4,-0.8,185,87,0.125,0,1,5,2,0,-2,0,1569,9,1,1.11,0-1,"[""TO margin -2""]"
1,JAX,CLE,home,W,34,10,24,-8.5,W,15.5,40.5,O,24.5,56,360,6.4,272,5.6,0.8,234,126,0.5,1,5,1,0,2,2,0,2031,9,4,3.78,1-0,"[""TO margin +2""]"
1,NO,DET,away,L,30,31,-1,7,W,6,49.5,O,21.2,86,469,5.5,369,5.1,0.4,378,91,0.471,0.8,1,5,3,1,-2,0,1895,14,4,2.14,0-1,"[""TO margin -2""]"
1,DET,NO,home,W,31,30,1,-7,L,-6,49.5,O,28.2,73,369,5.1,469,5.5,-0.4,204,165,0.385,0.8,5,1,1,3,2,0,2211,14,4,2.21,1-0,"[""TO margin +2""]"
1,NYJ,TEN,away,W,23,10,13,1.5,W,14.5,39.5,U,19,63,367,5.8,195,4,1.8,215,152,0.167,0.667,3,0,0,1,1,0,2326,11,2,2.09,1-0,[]
1,TEN,NYJ,home,L,10,23,-13,-1.5,L,-14.5,39.5,U,20.5,49,195,4,367,5.8,-1.8,127,68,0.333,1,0,3,1,0,-1,0,1274,10,1,1,0-1,[]
1,TB,CIN,away,L,27,33,-6,3.5,L,-2.5,50.5,O,23.5,52,282,5.4,351,5.6,-0.2,193,89,0.5,0.5,1,4,4,1,-3,1,1715,9,3,3,0-1,"[""TO margin -3"",""defensive/ST TD""]"
1,CIN,TB,home,W,33,27,6,-3.5,W,2.5,50.5,O,27,63,351,5.6,282,5.4,0.2,245,106,0.571,0.4,4,1,1,4,3,1,1885,9,3,3.67,1-0,"[""TO margin +3"",""defensive/ST TD""]"
1,ARI,LAC,away,W,26,14,12,8.5,W,20.5,47.5,U,19.5,72,393,5.5,268,5.3,0.2,277,116,0.429,0.4,3,1,0,2,2,0,2251,11,2,2.36,1-0,"[""TO margin +2""]"
1,LAC,ARI,home,L,14,26,-12,-8.5,L,-20.5,47.5,U,28,51,268,5.3,393,5.5,-0.2,187,81,0.25,0.667,1,3,2,0,-2,0,1349,10,2,1.4,0-1,"[""TO margin -2""]"
1,GB,MIN,away,L,22,39,-17,2.5,L,-14.5,46.5,O,22,67,419,6.3,239,3.9,2.4,353,66,0.25,0.25,3,4,2,1,-1,0,1622,12,2,1.83,0-1,"[""lost despite YPP edge"",""red-zone stalls""]"
1,MIN,GB,home,W,39,22,17,-2.5,W,14.5,46.5,O,24.5,61,239,3.9,419,6.3,-2.4,132,107,0.533,1,4,3,1,2,1,0,1978,13,5,3,1-0,"[""won despite YPP deficit""]"
1,MIA,LV,away,L,13,27,-14,3,L,-11,40.5,U,18.8,50,259,5.2,290,4.3,0.9,185,74,0.2,0.333,0,5,2,2,0,0,1507,11,1,1.18,0-1,"[""lost despite YPP edge"",""red-zone stalls""]"
1,LV,MIA,home,W,27,13,14,-3,W,11,40.5,U,21.8,67,290,4.3,259,5.2,-0.9,160,130,0.385,0.75,5,0,2,2,0,0,2093,11,3,2.45,1-0,"[""won despite YPP deficit""]"
1,WSH,PHI,away,L,22,24,-2,6,W,4,43.5,O,18.8,67,295,4.4,318,6,-1.6,163,132,0.333,1,3,1,0,0,0,0,2000,12,3,1.83,0-1,[]
1,PHI,WSH,home,W,24,22,2,-6,L,-4,43.5,O,24.8,53,318,6,295,4.4,1.6,182,136,0.429,0.667,1,3,0,0,0,0,1600,12,3,2,1-0,[]
1,DAL,NYG,away,L,20,28,-8,-3,L,-11,47.5,O,25.2,52,244,4.7,394,5.8,-1.1,175,69,0.727,1,2,0,1,1,0,0,1400,7,3,2.86,0-1,[]
1,NYG,DAL,home,W,28,20,8,3,W,11,47.5,O,22.2,68,394,5.8,244,4.7,1.1,229,165,0.818,1,0,2,1,1,0,0,2200,7,4,4,1-0,[]
1,DEN,KC,away,L,10,31,-21,2.5,L,-18.5,42.5,U,20,47,176,3.7,392,5.9,-2.2,115,61,0.167,0.5,2,4,2,1,-1,0,1578,12,1,0.83,0-1,[]
1,KC,DEN,home,W,31,10,21,-2.5,W,18.5,42.5,U,22.5,67,392,5.9,176,3.7,2.2,172,220,0.529,0.6,3,2,1,2,1,0,2022,12,4,2.58,1-0,[]
2,DET,BUF,away,L,31,41,-10,5.5,L,-4.5,54.5,O,24.5,62,355,5.7,446,6.5,-0.8,289,66,0.364,0.75,2,4,0,0,0,0,1575,9,4,3.44,1-1,[]
2,BUF,DET,home,W,41,31,10,-5.5,W,4.5,54.5,O,30,69,446,6.5,355,5.7,0.8,243,203,0.75,1,4,2,0,0,0,0,2025,9,6,4.56,2-0,[]
2,CAR,ATL,away,W,34,3,31,-2.5,W,28.5,43.5,U,23,60,340,5.7,286,4.3,1.4,272,68,0.429,0.5,2,2,0,5,5,1,1771,11,3,3.09,1-1,"[""TO margin +5"",""defensive/ST TD""]"
2,ATL,CAR,home,L,3,34,-31,2.5,L,-28.5,43.5,U,20.5,67,286,4.3,340,5.7,-1.4,129,157,0.308,,2,3,5,0,-5,0,1829,12,1,0.25,0-2,"[""TO margin -5""]"
2,CIN,HOU,away,W,20,6,14,3,W,17,45.5,U,21.2,59,267,4.5,374,4.8,-0.3,182,85,0.333,1,4,5,0,0,0,0,1849,13,2,1.54,2-0,[]
2,HOU,CIN,home,L,6,20,-14,-3,L,-17,45.5,U,24.2,78,374,4.8,267,4.5,0.3,314,60,0.294,0,5,4,0,0,0,0,1751,13,0,0.46,0-2,"[""red-zone stalls""]"
2,CLE,TB,away,W,23,19,4,8.5,W,12.5,41.5,O,16.5,55,267,4.9,313,5,-0.1,223,44,0.385,0.333,3,2,0,1,1,0,1762,12,2,1.92,1-1,"[""red-zone stalls""]"
2,TB,CLE,home,L,19,23,-4,-8.5,L,-12.5,41.5,O,25,62,313,5,267,4.9,0.1,176,137,0.438,0.25,2,3,1,0,-1,0,1838,11,1,1.73,0-2,"[""red-zone stalls""]"
2,GB,NYJ,away,W,20,17,3,-3.5,L,-0.5,44.5,U,24,50,199,4,285,4,0,136,63,0.111,0.5,4,3,1,0,-1,0,1617,12,2,1.67,1-1,"[""ATS within 1.5""]"
2,NYJ,GB,home,L,17,20,-3,3.5,W,0.5,44.5,U,20.5,72,285,4,199,4,0,218,67,0.421,0.667,3,4,0,1,1,0,2260,12,2,1.42,1-1,"[""ATS within 1.5""]"
2,MIN,CHI,away,W,9,3,6,4.5,W,10.5,46.5,U,21,51,246,4.8,297,4.2,0.6,127,119,0.231,0,4,3,0,2,2,0,1639,9,0,1,2-0,"[""TO margin +2""]"
2,CHI,MIN,home,L,3,9,-6,-4.5,L,-10.5,46.5,U,25.5,70,297,4.2,246,4.8,-0.6,163,134,0.333,0,3,4,2,0,-2,0,1961,10,0,0.3,1-1,"[""TO margin -2"",""red-zone stalls""]"
2,NO,BAL,away,W,24,17,7,8.5,W,15.5,45.5,U,18.5,64,298,4.7,312,5.6,-0.9,233,65,0.533,0.5,3,3,0,1,1,0,1965,9,2,2.67,1-1,"[""won despite YPP deficit""]"
2,BAL,NO,home,L,17,24,-7,-8.5,L,-15.5,45.5,U,27,56,312,5.6,298,4.7,0.9,204,108,0.444,0.5,3,3,1,0,-1,0,1635,8,2,2.12,1-1,"[""lost despite YPP edge""]"
2,PHI,TEN,away,W,24,20,4,-7,L,-3,39.5,O,23.2,72,341,4.7,291,5.7,-1,252,89,0.611,0.75,2,3,2,0,-2,0,2185,8,3,3,2-0,"[""won despite YPP deficit"",""TO margin -2""]"
2,TEN,PHI,home,L,20,24,-4,7,W,3,39.5,O,16.2,51,291,5.7,341,4.7,1,169,122,0.462,0.5,3,2,0,2,2,0,1415,9,2,2.22,0-2,"[""lost despite YPP edge"",""TO margin +2""]"
2,PIT,NE,away,L,3,20,-17,4.5,L,-12.5,41.5,U,18.5,67,235,3.5,327,6.2,-2.7,144,91,0.167,0,3,4,2,2,0,0,1967,12,1,0.25,1-1,[]
2,NE,PIT,home,W,20,3,17,-4.5,W,12.5,41.5,U,23,53,327,6.2,235,3.5,2.7,191,136,0.333,0,4,3,2,2,0,1,1633,11,1,1.82,1-1,"[""defensive/ST TD""]"
2,JAX,DEN,away,L,13,20,-7,2.5,L,-4.5,45.5,U,21.5,55,268,4.9,392,6.6,-1.7,173,95,0.417,0.5,0,2,1,1,0,0,1723,9,1,1.44,1-1,[]
2,DEN,JAX,home,W,20,13,7,-2.5,W,4.5,45.5,U,24,59,392,6.6,268,4.9,1.7,288,104,0.364,0.4,2,0,1,1,0,0,1877,9,2,2.22,1-1,[]
2,LV,LAC,away,W,26,14,12,6.5,W,18.5,43.5,U,18.5,60,305,5.1,310,5,0.1,248,57,0.286,0.667,3,2,1,3,2,0,1663,13,3,2,2-0,"[""TO margin +2""]"
2,LAC,LV,home,L,14,26,-12,-6.5,L,-18.5,43.5,U,25,62,310,5,305,5.1,-0.1,183,127,0.357,1,2,3,3,1,-2,0,1937,13,2,1.08,0-2,"[""TO margin -2""]"
2,MIA,SF,away,L,13,35,-22,12.5,L,-9.5,44.5,O,16,56,284,5.1,382,7.8,-2.7,182,102,0.467,0,0,4,0,0,0,0,1813,8,1,1.62,0-2,[]
2,SF,MIA,home,W,35,13,22,-12.5,W,9.5,44.5,O,28.5,49,382,7.8,284,5.1,2.7,287,95,0.714,1,4,0,0,0,0,0,1787,8,5,4.38,2-0,[]
2,SEA,ARI,away,W,31,7,24,-3.5,W,20.5,40.5,U,22,67,381,5.7,151,3.2,2.5,219,162,0.462,0.6,2,1,1,1,0,0,2193,10,4,3.1,2-0,[]
2,ARI,SEA,home,L,7,31,-24,3.5,L,-20.5,40.5,U,18.5,47,151,3.2,381,5.7,-2.5,81,70,0.25,1,1,2,1,1,0,0,1407,10,1,0.7,1-1,[]
2,WSH,DAL,away,L,20,37,-17,4.5,L,-12.5,51.5,O,23.5,67,389,5.8,332,6.1,-0.3,207,182,0.571,0.333,2,0,1,0,-1,0,1889,9,2,2.22,0-2,"[""red-zone stalls""]"
2,DAL,WSH,home,W,37,20,17,-4.5,W,12.5,51.5,O,28,54,332,6.1,389,5.8,0.3,266,66,0.636,0.75,0,2,0,1,1,0,1711,8,4,4.62,1-1,[]
2,IND,KC,away,L,30,33,-3,6,W,3,46.5,O,20.2,63,329,5.2,523,6.7,-1.5,210,119,0.417,0.667,2,0,1,0,-1,0,1980,10,3,3,0-2,[]
2,KC,IND,home,W,33,30,3,-6,L,-3,46.5,O,26.2,78,523,6.7,329,5.2,1.5,371,152,0.385,0.6,0,2,0,1,1,0,2220,11,3,3,2-0,[]
2,NYG,LAR,away,L,6,28,-22,7,L,-15,47.5,U,20.2,55,182,3.3,481,8,-4.7,130,52,0.214,0,1,2,1,2,1,0,1645,10,0,0.6,1-1,[]
2,LAR,NYG,home,W,28,6,22,-7,W,15,47.5,U,27.2,60,481,8,182,3.3,4.7,318,163,0.556,1,2,1,2,1,-1,0,1955,11,4,2.55,1-1,[]
3,ATL,GB,away,W,35,14,21,4.5,W,25.5,43.5,O,19.5,66,498,7.5,328,5.2,2.3,256,242,0.6,0.8,1,0,1,1,0,0,2225,11,4,3.18,1-2,[]
3,GB,ATL,home,L,14,35,-21,-4.5,L,-25.5,43.5,O,24,63,328,5.2,498,7.5,-2.3,311,17,0.4,0.5,0,1,1,1,0,0,1375,10,2,1.4,1-2,[]
3,CAR,CLE,away,L,18,21,-3,-2.5,L,-5.5,41.5,U,22,74,360,4.9,259,4.1,0.8,262,98,0.267,0.333,2,3,1,1,0,0,1793,12,1,1.5,1-2,"[""lost despite YPP edge"",""red-zone stalls""]"
3,CLE,CAR,home,W,21,18,3,2.5,W,5.5,41.5,U,19.5,63,259,4.1,360,4.9,-0.8,127,132,0.333,0.667,3,2,1,1,0,0,1807,13,2,1.62,2-1,"[""won despite YPP deficit""]"
3,CIN,PIT,away,L,27,30,-3,-3.5,L,-6.5,42.5,O,23,56,352,6.3,411,7,-0.7,269,83,0.5,0.5,2,1,2,1,-1,0,1806,8,3,3.38,2-1,[]
3,PIT,CIN,home,W,30,27,3,3.5,W,6.5,42.5,O,19.5,59,411,7,352,6.3,0.7,273,138,0.583,0.333,1,2,1,2,1,0,1794,10,3,3,2-1,"[""red-zone stalls""]"
3,HOU,IND,away,L,17,19,-2,-1.5,L,-3.5,42.5,U,22,51,223,4.4,300,4.2,0.2,153,70,0.364,0.667,4,3,0,3,3,0,1487,10,2,1.7,0-3,"[""TO margin +3""]"
3,IND,HOU,home,W,19,17,2,1.5,W,3.5,42.5,U,20.5,71,300,4.2,223,4.4,-0.2,211,89,0.467,0.333,3,4,3,0,-3,0,2113,10,1,1.9,1-2,"[""TO margin -3"",""red-zone stalls""]"
3,KC,MIA,away,W,24,10,14,-10,W,4,45.5,U,27.8,49,334,6.8,329,4.9,1.9,246,88,0.429,0.6,0,0,1,2,1,0,1539,9,3,2.67,3-0,[]
3,MIA,KC,home,L,10,24,-14,10,L,-4,45.5,U,17.8,67,329,4.9,334,6.8,-1.9,210,119,0.5,0.5,0,0,2,1,-1,0,2061,9,1,1.11,0-3,[]
3,LAC,BUF,away,L,16,24,-8,7,L,-1,50.5,U,21.8,64,348,5.4,350,5.6,-0.2,217,131,0.4,0.25,4,2,1,5,4,0,1882,11,1,1.45,0-3,"[""TO margin +4"",""ATS within 1.5"",""red-zone stalls""]"
3,BUF,LAC,home,W,24,16,8,-7,W,1,50.5,U,28.8,63,350,5.6,348,5.4,0.2,174,176,0.5,0.75,2,4,5,1,-4,0,1718,11,3,2.18,3-0,"[""TO margin -4"",""ATS within 1.5""]"
3,NYJ,DET,away,L,24,31,-7,7,P,0,49.5,O,21.2,61,335,5.5,381,6,-0.5,277,58,0.5,0.667,2,5,1,0,-1,0,1710,9,3,2.67,1-2,"[""ATS within 1.5""]"
3,DET,NYJ,home,W,31,24,7,-7,P,0,49.5,O,28.2,64,381,6,335,5.5,0.5,250,131,0.5,0.8,5,2,0,1,1,0,1890,9,4,3.44,2-1,"[""ATS within 1.5""]"
3,SEA,WSH,away,L,31,33,-2,-8.5,L,-10.5,40.5,O,24.5,64,437,6.8,258,4,2.8,393,44,0.333,0.8,2,0,3,0,-3,0,1712,13,5,2.38,2-1,"[""lost despite YPP edge"",""TO margin -3""]"
3,WSH,SEA,home,W,33,31,2,8.5,W,10.5,40.5,O,16,65,258,4,437,6.8,-2.8,176,82,0.231,0.667,0,2,0,3,3,1,1888,13,3,2.54,1-2,"[""won despite YPP deficit"",""TO margin +3"",""defensive/ST TD""]"
3,TEN,NYG,away,L,7,12,-5,2.5,L,-2.5,37.5,U,17.5,57,262,4.6,238,4.1,0.5,181,81,0.385,0.333,3,0,2,0,-2,0,1534,10,1,0.7,0-3,"[""TO margin -2"",""red-zone stalls""]"
3,NYG,TEN,home,W,12,7,5,-2.5,W,2.5,37.5,U,20,58,238,4.1,262,4.6,-0.5,100,138,0.308,0,0,3,0,2,2,0,2066,11,0,1.09,2-1,"[""TO margin +2""]"
3,NE,JAX,away,L,6,35,-29,3,L,-26,46.5,U,21.8,60,317,5.3,315,5.2,0.1,234,83,0.333,0,1,3,3,1,-2,0,1687,10,0,0.6,1-2,"[""TO margin -2"",""red-zone stalls""]"
3,JAX,NE,home,W,35,6,29,-3,W,26,46.5,U,24.8,60,315,5.2,317,5.3,-0.1,178,137,0.667,1,2,1,1,3,2,0,1913,10,5,3.5,2-1,"[""TO margin +2""]"
3,ARI,SF,away,L,30,36,-6,7.5,W,1.5,48.5,O,20.5,81,365,4.5,437,8.7,-4.2,272,93,0.5,0.6,0,2,0,1,1,0,2324,10,3,3,1-2,"[""ATS within 1.5""]"
3,SF,ARI,home,W,36,30,6,-7.5,L,-1.5,48.5,O,28,50,437,8.7,365,4.5,4.2,297,140,0.625,1,2,0,1,0,-1,0,1276,10,5,3.6,3-0,"[""ATS within 1.5""]"
3,MIN,TB,away,W,23,16,7,1.5,W,8.5,42.5,U,20.5,55,230,4.2,243,3.8,0.4,152,78,0.133,,6,3,1,2,1,1,1743,13,1,1.77,3-0,"[""defensive/ST TD""]"
3,TB,MIN,home,L,16,23,-7,-1.5,L,-8.5,42.5,U,22,64,243,3.8,230,4.2,-0.4,186,57,0.118,0,3,6,2,1,-1,0,1857,15,2,1.07,0-3,[]
3,BAL,DAL,away,W,34,31,3,-3,P,0,54.5,O,28.8,58,378,6.5,415,5.8,0.7,186,192,0.333,0.667,1,0,0,1,1,0,1762,12,4,2.83,2-1,"[""ATS within 1.5""]"
3,DAL,BAL,home,L,31,34,-3,3,P,0,54.5,O,25.8,71,415,5.8,378,6.5,-0.7,267,148,0.385,0.6,0,1,1,0,-1,0,1838,11,3,2.82,1-2,"[""ATS within 1.5""]"
3,LV,NO,away,W,35,27,8,3.5,W,11.5,44.5,O,20.5,63,340,5.4,381,5.3,0.1,227,113,0.583,0.5,2,3,1,4,3,0,1652,12,4,2.92,3-0,"[""TO margin +3""]"
3,NO,LV,home,L,27,35,-8,-3.5,L,-11.5,44.5,O,24,72,381,5.3,340,5.4,-0.1,233,148,0.6,1,3,2,4,1,-3,0,1948,11,4,2.45,1-2,"[""TO margin -3""]"
3,LAR,DEN,away,L,26,30,-4,1.5,L,-2.5,44.5,O,21.5,82,482,5.9,257,4.3,1.6,366,116,0.471,0.25,1,4,2,1,-1,0,2069,12,3,2.17,1-2,"[""lost despite YPP edge"",""blew 10+ halftime lead"",""red-zone stalls""]"
3,DEN,LAR,home,W,30,26,4,-1.5,W,2.5,44.5,O,23,60,257,4.3,482,5.9,-1.6,179,78,0.538,1,4,1,1,2,1,1,1531,10,3,3,2-1,"[""won despite YPP deficit"",""defensive/ST TD"",""came back from 10+ at half""]"
3,PHI,CHI,away,L,7,27,-20,-3,L,-23,42.5,U,22.8,47,248,5.3,375,5.4,-0.1,141,107,0.222,0.5,0,2,3,0,-3,0,1387,9,1,0.78,2-1,"[""TO margin -3""]"
3,CHI,PHI,home,W,27,7,20,3,W,23,42.5,U,19.8,69,375,5.4,248,5.3,0.1,247,128,0.385,0.4,2,0,0,3,3,0,2213,9,3,3,2-1,"[""TO margin +3""]"
4,PIT,CLE,away,L,24,27,-3,-2.5,L,-5.5,38.5,O,20.5,64,361,5.6,372,6,-0.4,269,92,0.308,0.667,2,5,2,2,0,0,1871,12,3,2,2-2,[]
4,CLE,PIT,home,W,27,24,3,2.5,W,5.5,38.5,O,18,62,372,6,361,5.6,0.4,260,112,0.4,1,5,2,2,2,0,0,1729,13,3,2.08,3-1,[]
4,IND,WSH,away,W,30,13,17,-4.5,W,12.5,46.5,U,25.5,66,257,3.9,317,5.2,-1.3,129,128,0.312,1,2,2,2,1,-1,0,1840,13,3,2.31,2-2,"[""won despite YPP deficit""]"
4,WSH,IND,home,L,13,30,-17,4.5,L,-12.5,46.5,U,21,61,317,5.2,257,3.9,1.3,217,100,0.133,0,2,2,1,2,1,0,1760,12,1,1.08,1-3,"[""lost despite YPP edge""]"
4,ARI,NYG,away,L,24,36,-12,-2.5,L,-14.5,43.5,O,23,63,270,4.3,319,5.2,-0.9,147,123,0.333,0.667,4,2,3,3,0,0,1667,13,4,1.85,1-3,[]
4,NYG,ARI,home,W,36,24,12,2.5,W,14.5,43.5,O,20.5,61,319,5.2,270,4.3,0.9,232,87,0.467,0.667,2,4,3,3,0,1,1933,12,3,3,3-1,"[""defensive/ST TD""]"
4,DAL,HOU,away,W,34,30,4,3,W,7,48.5,O,22.8,73,399,5.5,397,7.6,-2.1,324,75,0.357,1,2,3,0,0,0,0,2007,10,4,3.4,2-2,"[""won despite YPP deficit"",""came back from 10+ at half""]"
4,HOU,DAL,home,L,30,34,-4,-3,L,-7,48.5,O,25.8,52,397,7.6,399,5.5,2.1,335,62,0.3,1,3,2,0,0,0,0,1593,11,3,2.73,0-4,"[""lost despite YPP edge"",""blew 10+ halftime lead""]"
4,GB,TB,away,W,17,14,3,-2.5,W,0.5,38.5,U,20.5,55,283,5.1,275,4.5,0.6,197,86,0.2,0.667,3,0,2,2,0,0,1810,10,2,1.7,2-2,"[""ATS within 1.5""]"
4,TB,GB,home,L,14,17,-3,2.5,L,-0.5,38.5,U,18,61,275,4.5,283,5.1,-0.6,134,141,0.417,1,0,3,2,2,0,0,1790,9,2,1.56,0-4,"[""ATS within 1.5""]"
4,JAX,CIN,away,W,22,17,5,2.5,W,7.5,51.5,U,24.5,54,323,6,437,6.2,-0.2,212,111,0.455,0.5,2,4,0,2,2,0,1746,9,2,2.44,3-1,"[""TO margin +2""]"
4,CIN,JAX,home,L,17,22,-5,-2.5,L,-7.5,51.5,U,27,71,437,6.2,323,6,0.2,414,23,0.417,0.5,4,2,2,0,-2,0,1854,9,2,1.89,2-2,"[""TO margin -2""]"
4,LAR,PHI,away,W,24,20,4,-4.5,L,-0.5,42.5,O,23.5,77,415,5.4,172,3,2.4,309,106,0.438,0.6,4,1,2,0,-2,0,1920,14,3,1.71,2-2,"[""TO margin -2"",""ATS within 1.5"",""came back from 10+ at half""]"
4,PHI,LAR,home,L,20,24,-4,4.5,W,0.5,42.5,O,19,58,172,3,415,5.4,-2.4,68,104,0,0.5,1,4,0,2,2,0,1680,13,2,1.54,2-2,"[""TO margin +2"",""ATS within 1.5"",""blew 10+ halftime lead""]"
4,NE,BUF,away,W,29,26,3,7,W,10,49.5,O,21.2,73,405,5.5,340,6.3,-0.8,262,143,0.417,1,1,1,2,2,0,0,2021,12,4,2.42,2-2,"[""won despite YPP deficit""]"
4,BUF,NE,home,L,26,29,-3,-7,L,-10,49.5,O,28.2,54,340,6.3,405,5.5,0.8,249,91,0.5,0.5,1,1,2,2,0,0,1579,11,3,2.36,3-1,"[""lost despite YPP edge""]"
4,NYJ,CHI,away,L,12,23,-11,3.5,L,-7.5,43.5,U,20,32,157,4.9,492,5.5,-0.6,98,59,0,0,1,3,0,2,2,0,1035,8,1,1.5,1-3,"[""TO margin +2""]"
4,CHI,NYJ,home,W,23,12,11,-3.5,W,7.5,43.5,U,23.5,89,492,5.5,157,4.9,0.6,260,232,0.467,0.286,3,1,2,0,-2,0,2565,9,2,2.56,3-1,"[""TO margin -2"",""red-zone stalls""]"
4,TEN,BAL,away,L,18,24,-6,11.5,W,5.5,41.5,O,15,58,297,5.1,384,6.3,-1.2,212,85,0.2,0.5,2,1,2,0,-2,0,1612,11,2,1.64,0-4,"[""TO margin -2""]"
4,BAL,TEN,home,W,24,18,6,-11.5,L,-5.5,41.5,O,26.5,61,384,6.3,297,5.1,1.2,272,112,0.2,1,1,2,0,2,2,0,1988,12,3,2,3-1,"[""TO margin +2""]"
4,MIA,MIN,away,L,10,15,-5,10,W,5,38.5,U,14.2,37,198,5.4,336,4.7,0.7,77,121,0.222,0.5,4,2,1,0,-1,0,1249,9,1,1.11,0-4,[]
4,MIN,MIA,home,W,15,10,5,-10,L,-5,38.5,U,24.2,72,336,4.7,198,5.4,-0.7,213,123,0.444,0,2,4,0,1,1,0,2351,10,0,1.5,4-0,"[""red-zone stalls""]"
4,DEN,SF,away,L,14,24,-10,3,L,-7,48.5,U,22.8,64,296,4.6,358,5.5,-0.9,214,82,0.471,1,0,0,1,0,-1,0,1853,9,1,1.56,2-2,[]
4,SF,DEN,home,W,24,14,10,-3,W,7,48.5,U,25.8,65,358,5.5,296,4.6,0.9,218,140,0.462,0.667,0,0,0,1,1,0,1747,11,3,2.18,4-0,[]
4,KC,LV,away,W,30,27,3,-3.5,L,-0.5,47.5,O,25.5,58,399,6.9,437,5.6,1.3,210,189,0.385,0.75,0,2,0,2,2,0,1458,12,4,2.5,4-0,"[""TO margin +2"",""ATS within 1.5""]"
4,LV,KC,home,L,27,30,-3,3.5,W,0.5,47.5,O,22,78,437,5.6,399,6.9,-1.3,365,72,0.357,0,2,0,2,0,-2,0,2142,12,2,2.25,3-1,"[""TO margin -2"",""ATS within 1.5""]"
4,LAC,SEA,away,L,23,30,-7,7,P,0,43.5,O,18.2,68,301,4.4,286,4.9,-0.5,154,147,0.333,0.667,3,4,4,1,-3,0,1859,13,2,1.77,0-4,"[""TO margin -3"",""ATS within 1.5""]"
4,SEA,LAC,home,W,30,23,7,-7,P,0,43.5,O,25.2,58,286,4.9,301,4.4,0.5,148,138,0.25,0.5,4,3,1,4,3,0,1741,14,4,2.14,3-1,"[""TO margin +3"",""ATS within 1.5""]"
4,DET,CAR,away,L,26,32,-6,-3.5,L,-9.5,52.5,O,28,68,452,6.6,445,6.2,0.4,406,46,0.333,0.5,3,1,0,0,0,0,1605,10,2,2.6,2-2,[]
4,CAR,DET,home,W,32,26,6,3.5,W,9.5,52.5,O,24.5,72,445,6.2,452,6.6,-0.4,318,127,0.417,0.75,1,3,0,0,0,0,1995,10,4,3.2,2-2,[]
4,ATL,NO,away,W,45,24,21,1.5,W,22.5,48.5,O,23.5,56,420,7.5,320,4.6,2.9,215,205,0.5,0.8,2,1,0,1,1,0,1845,11,6,4.09,2-2,[]
4,NO,ATL,home,L,24,45,-21,-1.5,L,-22.5,48.5,O,25,69,320,4.6,420,7.5,-2.9,270,50,0.4,0.75,1,2,1,0,-1,0,1755,10,3,2.4,1-3,[]
