nfc,afc,american,implied,fair
Los Angeles Rams,Buffalo Bills,2100,0.04545,0.04022
San Francisco 49ers,Buffalo Bills,2200,0.04348,0.03847
Los Angeles Rams,Baltimore Ravens,2700,0.03571,0.03160
San Francisco 49ers,Baltimore Ravens,2900,0.03333,0.02949
Los Angeles Rams,Kansas City Chiefs,3100,0.03125,0.02765
Seattle Seahawks,Buffalo Bills,3200,0.03030,0.02681
San Francisco 49ers,Kansas City Chiefs,3300,0.02941,0.02602
Seattle Seahawks,Baltimore Ravens,4200,0.02326,0.02058
Los Angeles Rams,Cincinnati Bengals,4400,0.02222,0.01966
Philadelphia Eagles,Buffalo Bills,4600,0.02128,0.01883
San Francisco 49ers,Cincinnati Bengals,4600,0.02128,0.01883
Seattle Seahawks,Kansas City Chiefs,4700,0.02083,0.01843
Minnesota Vikings,Buffalo Bills,4800,0.02041,0.01806
Los Angeles Rams,Jacksonville Jaguars,4900,0.02000,0.01770
San Francisco 49ers,Jacksonville Jaguars,5100,0.01923,0.01702
Detroit Lions,Buffalo Bills,5300,0.01852,0.01639
Los Angeles Rams,Denver Broncos,5400,0.01818,0.01609
San Francisco 49ers,Denver Broncos,5600,0.01754,0.01552
Chicago Bears,Buffalo Bills,5700,0.01724,0.01526
Philadelphia Eagles,Baltimore Ravens,5900,0.01667,0.01475
Minnesota Vikings,Baltimore Ravens,6200,0.01587,0.01404
Seattle Seahawks,Cincinnati Bengals,6600,0.01493,0.01321
Philadelphia Eagles,Kansas City Chiefs,6700,0.01471,0.01301
Detroit Lions,Baltimore Ravens,6800,0.01449,0.01282
Minnesota Vikings,Kansas City Chiefs,7000,0.01408,0.01246
Chicago Bears,Baltimore Ravens,7300,0.01351,0.01196
Seattle Seahawks,Jacksonville Jaguars,7400,0.01333,0.01180
Detroit Lions,Kansas City Chiefs,7700,0.01282,0.01134
Seattle Seahawks,Denver Broncos,8100,0.01220,0.01079
Chicago Bears,Kansas City Chiefs,8300,0.01190,0.01053
Los Angeles Rams,New England Patriots,8400,0.01176,0.01041
San Francisco 49ers,New England Patriots,8800,0.01124,0.00994
Dallas Cowboys,Buffalo Bills,9300,0.01064,0.00941
Philadelphia Eagles,Cincinnati Bengals,9300,0.01064,0.00941
Minnesota Vikings,Cincinnati Bengals,9800,0.01010,0.00894
Philadelphia Eagles,Jacksonville Jaguars,10400,0.00952,0.00843
Detroit Lions,Cincinnati Bengals,10700,0.00926,0.00819
Minnesota Vikings,Jacksonville Jaguars,10900,0.00909,0.00804
Los Angeles Rams,Houston Texans,11400,0.00870,0.00769
Philadelphia Eagles,Denver Broncos,11400,0.00870,0.00769
Chicago Bears,Cincinnati Bengals,11600,0.00855,0.00756
Dallas Cowboys,Baltimore Ravens,11900,0.00833,0.00737
Detroit Lions,Jacksonville Jaguars,11900,0.00833,0.00737
San Francisco 49ers,Houston Texans,11900,0.00833,0.00737
Minnesota Vikings,Denver Broncos,12000,0.00826,0.00731
Seattle Seahawks,New England Patriots,12600,0.00787,0.00697
Chicago Bears,Jacksonville Jaguars,12900,0.00769,0.00681
New Orleans Saints,Buffalo Bills,12900,0.00769,0.00681
Detroit Lions,Denver Broncos,13100,0.00758,0.00670
Dallas Cowboys,Kansas City Chiefs,13500,0.00735,0.00651
Chicago Bears,Denver Broncos,14200,0.00699,0.00619
Green Bay Packers,Buffalo Bills,16100,0.00617,0.00546
New Orleans Saints,Baltimore Ravens,16500,0.00602,0.00533
Los Angeles Rams,Indianapolis Colts,16900,0.00588,0.00520
Los Angeles Rams,Las Vegas Raiders,16900,0.00588,0.00520
Seattle Seahawks,Houston Texans,17100,0.00581,0.00514
Philadelphia Eagles,New England Patriots,17700,0.00562,0.00497
San Francisco 49ers,Indianapolis Colts,17700,0.00562,0.00497
San Francisco 49ers,Las Vegas Raiders,17700,0.00562,0.00497
Washington Commanders,Buffalo Bills,18300,0.00543,0.00481
Minnesota Vikings,New England Patriots,18600,0.00535,0.00473
New Orleans Saints,Kansas City Chiefs,18700,0.00532,0.00471
Dallas Cowboys,Cincinnati Bengals,18800,0.00529,0.00468
Detroit Lions,New England Patriots,20300,0.00490,0.00434
Los Angeles Rams,Pittsburgh Steelers,20400,0.00488,0.00432
Green Bay Packers,Baltimore Ravens,20600,0.00483,0.00427
Dallas Cowboys,Jacksonville Jaguars,20900,0.00476,0.00421
San Francisco 49ers,Pittsburgh Steelers,21400,0.00465,0.00412
Chicago Bears,New England Patriots,22000,0.00452,0.00400
Carolina Panthers,Buffalo Bills,22800,0.00437,0.00386
Dallas Cowboys,Denver Broncos,23000,0.00433,0.00383
Green Bay Packers,Kansas City Chiefs,23300,0.00427,0.00378
Washington Commanders,Baltimore Ravens,23400,0.00426,0.00377
Philadelphia Eagles,Houston Texans,24000,0.00415,0.00367
Minnesota Vikings,Houston Texans,25200,0.00395,0.00350
Los Angeles Rams,Los Angeles Chargers,25400,0.00392,0.00347
Seattle Seahawks,Indianapolis Colts,25400,0.00392,0.00347
Seattle Seahawks,Las Vegas Raiders,25400,0.00392,0.00347
New Orleans Saints,Cincinnati Bengals,26000,0.00383,0.00339
Washington Commanders,Kansas City Chiefs,26500,0.00376,0.00333
San Francisco 49ers,Los Angeles Chargers,26600,0.00375,0.00331
Atlanta Falcons,Buffalo Bills,27300,0.00365,0.00323
New York Giants,Buffalo Bills,27300,0.00365,0.00323
Tampa Bay Buccaneers,Buffalo Bills,27300,0.00365,0.00323
Detroit Lions,Houston Texans,27500,0.00362,0.00321
New Orleans Saints,Jacksonville Jaguars,28900,0.00345,0.00305
Carolina Panthers,Baltimore Ravens,29200,0.00341,0.00302
Chicago Bears,Houston Texans,29800,0.00334,0.00296
Seattle Seahawks,Pittsburgh Steelers,30600,0.00326,0.00288
New Orleans Saints,Denver Broncos,31800,0.00313,0.00277
Green Bay Packers,Cincinnati Bengals,32300,0.00309,0.00273
Carolina Panthers,Kansas City Chiefs,33000,0.00302,0.00267
Atlanta Falcons,Baltimore Ravens,34900,0.00286,0.00253
New York Giants,Baltimore Ravens,34900,0.00286,0.00253
Tampa Bay Buccaneers,Baltimore Ravens,34900,0.00286,0.00253
Dallas Cowboys,New England Patriots,35600,0.00280,0.00248
Philadelphia Eagles,Indianapolis Colts,35600,0.00280,0.00248
Philadelphia Eagles,Las Vegas Raiders,35600,0.00280,0.00248
Green Bay Packers,Jacksonville Jaguars,35900,0.00278,0.00246
Washington Commanders,Cincinnati Bengals,36800,0.00271,0.00240
Minnesota Vikings,Indianapolis Colts,37300,0.00267,0.00237
Minnesota Vikings,Las Vegas Raiders,37300,0.00267,0.00237
Seattle Seahawks,Los Angeles Chargers,38100,0.00262,0.00232
Atlanta Falcons,Kansas City Chiefs,39500,0.00253,0.00223
Green Bay Packers,Denver Broncos,39500,0.00253,0.00223
New York Giants,Kansas City Chiefs,39500,0.00253,0.00223
Tampa Bay Buccaneers,Kansas City Chiefs,39500,0.00253,0.00223
Detroit Lions,Indianapolis Colts,40700,0.00245,0.00217
Detroit Lions,Las Vegas Raiders,40700,0.00245,0.00217
Washington Commanders,Jacksonville Jaguars,40900,0.00244,0.00216
Philadelphia Eagles,Pittsburgh Steelers,42900,0.00233,0.00206
Chicago Bears,Indianapolis Colts,44100,0.00226,0.00200
Chicago Bears,Las Vegas Raiders,44100,0.00226,0.00200
Minnesota Vikings,Pittsburgh Steelers,45000,0.00222,0.00196
Washington Commanders,Denver Broncos,45000,0.00222,0.00196
Carolina Panthers,Cincinnati Bengals,45800,0.00218,0.00193
Dallas Cowboys,Houston Texans,48200,0.00207,0.00183
Detroit Lions,Pittsburgh Steelers,49100,0.00203,0.00180
New Orleans Saints,New England Patriots,49200,0.00203,0.00179
Carolina Panthers,Jacksonville Jaguars,50900,0.00196,0.00173
Chicago Bears,Pittsburgh Steelers,53200,0.00188,0.00166
Philadelphia Eagles,Los Angeles Chargers,53400,0.00187,0.00165
Atlanta Falcons,Cincinnati Bengals,54800,0.00182,0.00161
New York Giants,Cincinnati Bengals,54800,0.00182,0.00161
Tampa Bay Buccaneers,Cincinnati Bengals,54800,0.00182,0.00161
Carolina Panthers,Denver Broncos,56000,0.00178,0.00158
Minnesota Vikings,Los Angeles Chargers,56000,0.00178,0.00158
Atlanta Falcons,Jacksonville Jaguars,60900,0.00164,0.00145
New York Giants,Jacksonville Jaguars,60900,0.00164,0.00145
Tampa Bay Buccaneers,Jacksonville Jaguars,60900,0.00164,0.00145
Detroit Lions,Los Angeles Chargers,61100,0.00163,0.00145
Green Bay Packers,New England Patriots,61100,0.00163,0.00145
Los Angeles Rams,New York Jets,62900,0.00159,0.00140
San Francisco 49ers,New York Jets,66000,0.00151,0.00134
Chicago Bears,Los Angeles Chargers,66200,0.00151,0.00133
New Orleans Saints,Houston Texans,66600,0.00150,0.00133
Atlanta Falcons,Denver Broncos,67000,0.00149,0.00132
New York Giants,Denver Broncos,67000,0.00149,0.00132
Tampa Bay Buccaneers,Denver Broncos,67000,0.00149,0.00132
Washington Commanders,New England Patriots,69600,0.00143,0.00127
Dallas Cowboys,Indianapolis Colts,71300,0.00140,0.00124
Dallas Cowboys,Las Vegas Raiders,71300,0.00140,0.00124
Los Angeles Rams,Cleveland Browns,75400,0.00132,0.00117
New York Giants,New York Jets,78500,0.00127,0.00113
San Francisco 49ers,Cleveland Browns,79100,0.00126,0.00112
Green Bay Packers,Houston Texans,82700,0.00121,0.00107
Dallas Cowboys,Pittsburgh Steelers,86000,0.00116,0.00103
Carolina Panthers,New England Patriots,86600,0.00115,0.00102
Arizona Cardinals,Buffalo Bills,90300,0.00111,0.00098
Washington Commanders,Houston Texans,94200,0.00106,0.00094
Seattle Seahawks,New York Jets,94400,0.00106,0.00094
New Orleans Saints,Indianapolis Colts,98500,0.00101,0.00090
New Orleans Saints,Las Vegas Raiders,98500,0.00101,0.00090
Atlanta Falcons,New England Patriots,103600,,
New York Giants,New England Patriots,103600,,
Tampa Bay Buccaneers,New England Patriots,103600,,
Dallas Cowboys,Los Angeles Chargers,107000,,
Seattle Seahawks,Cleveland Browns,113100,,
Arizona Cardinals,Baltimore Ravens,115400,,
Carolina Panthers,Houston Texans,117200,,
New Orleans Saints,Pittsburgh Steelers,118800,,
Green Bay Packers,Indianapolis Colts,122300,,
Green Bay Packers,Las Vegas Raiders,122300,,
Los Angeles Rams,Tennessee Titans,125400,,
Arizona Cardinals,Kansas City Chiefs,130500,,
San Francisco 49ers,Tennessee Titans,131600,,
Philadelphia Eagles,New York Jets,132200,,
Minnesota Vikings,New York Jets,138500,,
Washington Commanders,Indianapolis Colts,139300,,
Washington Commanders,Las Vegas Raiders,139300,,
Atlanta Falcons,Houston Texans,140200,,
New York Giants,Houston Texans,140200,,
Tampa Bay Buccaneers,Houston Texans,140200,,
Green Bay Packers,Pittsburgh Steelers,147500,,
New Orleans Saints,Los Angeles Chargers,147800,,
Detroit Lions,New York Jets,151100,,
Philadelphia Eagles,Cleveland Browns,158400,,
Chicago Bears,New York Jets,163700,,
Minnesota Vikings,Cleveland Browns,166000,,
Washington Commanders,Pittsburgh Steelers,168000,,
Carolina Panthers,Indianapolis Colts,173300,,
Carolina Panthers,Las Vegas Raiders,173400,,
Arizona Cardinals,Cincinnati Bengals,180800,,
Detroit Lions,Cleveland Browns,181100,,
Green Bay Packers,Los Angeles Chargers,183500,,
Seattle Seahawks,Tennessee Titans,188100,,
Chicago Bears,Cleveland Browns,196200,,
Arizona Cardinals,Jacksonville Jaguars,200900,,
Atlanta Falcons,Indianapolis Colts,207300,,
Atlanta Falcons,Las Vegas Raiders,207300,,
New York Giants,Indianapolis Colts,207300,,
New York Giants,Las Vegas Raiders,207300,,
Tampa Bay Buccaneers,Indianapolis Colts,207300,,
Tampa Bay Buccaneers,Las Vegas Raiders,207300,,
Carolina Panthers,Pittsburgh Steelers,209000,,
Washington Commanders,Los Angeles Chargers,209000,,
Arizona Cardinals,Denver Broncos,221000,,
Atlanta Falcons,Pittsburgh Steelers,250000,,
New York Giants,Pittsburgh Steelers,250000,,
Tampa Bay Buccaneers,Pittsburgh Steelers,250000,,
Los Angeles Rams,Miami Dolphins,250400,,
Carolina Panthers,Los Angeles Chargers,260000,,
San Francisco 49ers,Miami Dolphins,262900,,
Philadelphia Eagles,Tennessee Titans,263400,,
Dallas Cowboys,New York Jets,264500,,
Minnesota Vikings,Tennessee Titans,276000,,
Detroit Lions,Tennessee Titans,301100,,
Atlanta Falcons,Los Angeles Chargers,311000,,
New York Giants,Los Angeles Chargers,311000,,
Tampa Bay Buccaneers,Los Angeles Chargers,311000,,
Dallas Cowboys,Cleveland Browns,317000,,
Chicago Bears,Tennessee Titans,326200,,
Arizona Cardinals,New England Patriots,341600,,
New Orleans Saints,New York Jets,365300,,
Seattle Seahawks,Miami Dolphins,375600,,
Arizona Cardinals,Houston Texans,422000,,
New Orleans Saints,Cleveland Browns,437800,,
Green Bay Packers,New York Jets,453500,,
Washington Commanders,New York Jets,516500,,
Philadelphia Eagles,Miami Dolphins,525900,,
Dallas Cowboys,Tennessee Titans,527000,,
Green Bay Packers,Cleveland Browns,543500,,
Minnesota Vikings,Miami Dolphins,554300,,
Detroit Lions,Miami Dolphins,601100,,
Washington Commanders,Cleveland Browns,619000,,
Carolina Panthers,New York Jets,642500,,
Chicago Bears,Miami Dolphins,651200,,
Arizona Cardinals,Indianapolis Colts,683300,,
Arizona Cardinals,Las Vegas Raiders,683300,,
New Orleans Saints,Tennessee Titans,727800,,
Atlanta Falcons,New York Jets,768500,,
Tampa Bay Buccaneers,New York Jets,768500,,
Carolina Panthers,Cleveland Browns,770000,,
Arizona Cardinals,Pittsburgh Steelers,824000,,
Green Bay Packers,Tennessee Titans,907100,,
Atlanta Falcons,Cleveland Browns,921000,,
New York Giants,Cleveland Browns,921000,,
Tampa Bay Buccaneers,Cleveland Browns,921000,,
Arizona Cardinals,Cleveland Browns,999999,,
Arizona Cardinals,Los Angeles Chargers,999999,,
Arizona Cardinals,Miami Dolphins,999999,,
Arizona Cardinals,New York Jets,999999,,
Arizona Cardinals,Tennessee Titans,999999,,
Atlanta Falcons,Miami Dolphins,999999,,
Atlanta Falcons,Tennessee Titans,999999,,
Carolina Panthers,Miami Dolphins,999999,,
Carolina Panthers,Tennessee Titans,999999,,
Dallas Cowboys,Miami Dolphins,999999,,
Green Bay Packers,Miami Dolphins,999999,,
New Orleans Saints,Miami Dolphins,999999,,
New York Giants,Miami Dolphins,999999,,
New York Giants,Tennessee Titans,999999,,
Tampa Bay Buccaneers,Miami Dolphins,999999,,
Tampa Bay Buccaneers,Tennessee Titans,999999,,
Washington Commanders,Miami Dolphins,999999,,
Washington Commanders,Tennessee Titans,999999,,
