season,league,pick,round,cost,team,manager,mine,player,nfl_team,position,points_to_date,points_rank,value_vs_slot,player_key
2022,The Honey Badgers,1,1,0,Jesus take the wheel,Alejandro C,false,Jonathan Taylor,IND,RB,,,,414.p.32711
2022,The Honey Badgers,2,1,0,The Curious Case of Cookus,Joseph,false,Christian McCaffrey,SF,RB,,,,414.p.30121
2022,The Honey Badgers,3,1,0,Kryponite,BULL,false,Justin Jefferson,MIN,WR,,,,414.p.32692
2022,The Honey Badgers,4,1,0,Unicorn Love,Krista,false,Austin Ekeler,WAS,RB,,,,414.p.30423
2022,The Honey Badgers,5,1,0,Fat Lazy Americans,Andy,true,Dalvin Cook,DAL,RB,,,,414.p.30154
2022,The Honey Badgers,6,1,0,McGibblets,fritchie,false,Derrick Henry,BAL,RB,,,,414.p.29279
2022,The Honey Badgers,7,1,0,The Trophy Wives,Geri Hill,false,Joe Mixon,SEA,RB,,,,414.p.30161
2022,The Honey Badgers,8,1,0,My Balls Are Afoot,Chuck,false,Alvin Kamara,NO,RB,,,,414.p.30180
2022,The Honey Badgers,9,1,0,Zach Wilson Dating Service,Matthew,false,Najee Harris,NYG,RB,,,,414.p.33412
2022,The Honey Badgers,10,1,0,BeaverFever,Jaimie Harcos,false,Stefon Diggs,WAS,WR,,,,414.p.28534
2022,The Honey Badgers,11,1,0,Olivators,Amanda,false,Aaron Jones Sr.,MIN,RB,,,,414.p.30295
2022,The Honey Badgers,12,1,0,Dolphin Boobiez,Tali,false,D'Andre Swift,CHI,RB,,,,414.p.32705
2022,The Honey Badgers,13,2,0,Dolphin Boobiez,Tali,false,Travis Kelce,KC,TE,,,,414.p.26686
2022,The Honey Badgers,14,2,0,Olivators,Amanda,false,Davante Adams,LAR,WR,,,,414.p.27581
2022,The Honey Badgers,15,2,0,BeaverFever,Jaimie Harcos,false,Nick Chubb,HOU,RB,,,,414.p.31005
2022,The Honey Badgers,16,2,0,Zach Wilson Dating Service,Matthew,false,Cooper Kupp,SEA,WR,,,,414.p.30182
2022,The Honey Badgers,17,2,0,My Balls Are Afoot,Chuck,false,Leonard Fournette,BUF,RB,,,,414.p.30117
2022,The Honey Badgers,18,2,0,The Trophy Wives,Geri Hill,false,Kyle Pitts Sr.,ATL,TE,,,,414.p.33392
2022,The Honey Badgers,19,2,0,McGibblets,fritchie,false,Mike Evans,SF,WR,,,,414.p.27535
2022,The Honey Badgers,20,2,0,Fat Lazy Americans,Andy,true,CeeDee Lamb,DAL,WR,,,,414.p.32687
2022,The Honey Badgers,21,2,0,Unicorn Love,Krista,false,Tyreek Hill,MIA,WR,,,,414.p.29399
2022,The Honey Badgers,22,2,0,Kryponite,BULL,false,A.J. Brown,NE,WR,,,,414.p.31883
2022,The Honey Badgers,23,2,0,The Curious Case of Cookus,Joseph,false,DJ Moore,BUF,WR,,,,414.p.30994
2022,The Honey Badgers,24,2,0,Jesus take the wheel,Alejandro C,false,Kareem Hunt,KC,RB,,,,414.p.30199
2022,The Honey Badgers,25,3,0,Jesus take the wheel,Alejandro C,false,Keenan Allen,IND,WR,,,,414.p.26699
2022,The Honey Badgers,26,3,0,The Curious Case of Cookus,Joseph,false,Ezekiel Elliott,DAL,RB,,,,414.p.29238
2022,The Honey Badgers,27,3,0,Kryponite,BULL,false,Elijah Mitchell,KC,RB,,,,414.p.33582
2022,The Honey Badgers,28,3,0,Unicorn Love,Krista,false,Josh Allen,BUF,QB,,,,414.p.30977
2022,The Honey Badgers,29,3,0,Fat Lazy Americans,Andy,true,Travis Etienne Jr.,NO,RB,,,,414.p.33413
2022,The Honey Badgers,30,3,0,McGibblets,fritchie,false,Allen Robinson,DET,WR,,,,414.p.27589
2022,The Honey Badgers,31,3,0,The Trophy Wives,Geri Hill,false,AJ Dillon,CAR,RB,,,,414.p.32732
2022,The Honey Badgers,32,3,0,My Balls Are Afoot,Chuck,false,Justin Herbert,LAC,QB,,,,414.p.32676
2022,The Honey Badgers,33,3,0,Zach Wilson Dating Service,Matthew,false,Cam Akers,SEA,RB,,,,414.p.32722
2022,The Honey Badgers,34,3,0,BeaverFever,Jaimie Harcos,false,Lamar Jackson,BAL,QB,,,,414.p.31002
2022,The Honey Badgers,35,3,0,Olivators,Amanda,false,Patrick Mahomes,KC,QB,,,,414.p.30123
2022,The Honey Badgers,36,3,0,Dolphin Boobiez,Tali,false,Terry McLaurin,WAS,WR,,,,414.p.31908
2022,The Honey Badgers,37,4,0,Dolphin Boobiez,Tali,false,Jalen Hurts,PHI,QB,,,,414.p.32723
2022,The Honey Badgers,38,4,0,Olivators,Amanda,false,Tee Higgins,CIN,WR,,,,414.p.32703
2022,The Honey Badgers,39,4,0,BeaverFever,Jaimie Harcos,false,Breece Hall,NYJ,RB,,,,414.p.33991
2022,The Honey Badgers,40,4,0,Zach Wilson Dating Service,Matthew,false,Mark Andrews,BAL,TE,,,,414.p.31056
2022,The Honey Badgers,41,4,0,My Balls Are Afoot,Chuck,false,Deebo Samuel Sr.,SF,WR,,,,414.p.31868
2022,The Honey Badgers,42,4,0,The Trophy Wives,Geri Hill,false,Kyler Murray,MIN,QB,,,,414.p.31833
2022,The Honey Badgers,43,4,0,McGibblets,fritchie,false,George Kittle,SF,TE,,,,414.p.30259
2022,The Honey Badgers,44,4,0,Fat Lazy Americans,Andy,true,Javonte Williams,DAL,RB,,,,414.p.33423
2022,The Honey Badgers,45,4,0,Unicorn Love,Krista,false,Diontae Johnson,CLE,WR,,,,414.p.31898
2022,The Honey Badgers,46,4,0,Kryponite,BULL,false,Russell Wilson,NYG,QB,,,,414.p.25785
2022,The Honey Badgers,47,4,0,The Curious Case of Cookus,Joseph,false,Jaylen Waddle,DEN,WR,,,,414.p.33394
2022,The Honey Badgers,48,4,0,Jesus take the wheel,Alejandro C,false,JuJu Smith-Schuster,NYG,WR,,,,414.p.30175
2022,The Honey Badgers,49,5,0,Jesus take the wheel,Alejandro C,false,Devin Singletary,NYG,RB,,,,414.p.31906
2022,The Honey Badgers,50,5,0,The Curious Case of Cookus,Joseph,false,Darren Waller,CAR,TE,,,,414.p.28592
2022,The Honey Badgers,51,5,0,Kryponite,BULL,false,David Montgomery,HOU,RB,,,,414.p.31905
2022,The Honey Badgers,52,5,0,Unicorn Love,Krista,false,Chase Edmonds,WAS,RB,,,,414.p.31104
2022,The Honey Badgers,53,5,0,Fat Lazy Americans,Andy,true,Joe Burrow,CIN,QB,,,,414.p.32671
2022,The Honey Badgers,54,5,0,McGibblets,fritchie,false,Jerry Jeudy,CLE,WR,,,,414.p.32685
2022,The Honey Badgers,55,5,0,The Trophy Wives,Geri Hill,false,Ja'Marr Chase,CIN,WR,,,,414.p.33393
2022,The Honey Badgers,56,5,0,My Balls Are Afoot,Chuck,false,Josh Jacobs,GB,RB,,,,414.p.31856
2022,The Honey Badgers,57,5,0,Zach Wilson Dating Service,Matthew,false,DK Metcalf,PIT,WR,,,,414.p.31896
2022,The Honey Badgers,58,5,0,BeaverFever,Jaimie Harcos,false,Antonio Gibson,NE,RB,,,,414.p.32736
2022,The Honey Badgers,59,5,0,Olivators,Amanda,false,Dalton Schultz,HOU,TE,,,,414.p.31107
2022,The Honey Badgers,60,5,0,Dolphin Boobiez,Tali,false,Dameon Pierce,PHI,RB,,,,414.p.34063
2022,The Honey Badgers,61,6,0,Dolphin Boobiez,Tali,false,Courtland Sutton,DEN,WR,,,,414.p.31010
2022,The Honey Badgers,62,6,0,Olivators,Amanda,false,Gabe Davis,BUF,WR,,,,414.p.32798
2022,The Honey Badgers,63,6,0,BeaverFever,Jaimie Harcos,false,Brandin Cooks,SF,WR,,,,414.p.27548
2022,The Honey Badgers,64,6,0,Zach Wilson Dating Service,Matthew,false,Adam Thielen,PIT,WR,,,,414.p.27277
2022,The Honey Badgers,65,6,0,My Balls Are Afoot,Chuck,false,T.J. Hockenson,MIN,TE,,,,414.p.31840
2022,The Honey Badgers,66,6,0,The Trophy Wives,Geri Hill,false,Amon-Ra St. Brown,DET,WR,,,,414.p.33500
2022,The Honey Badgers,67,6,0,McGibblets,fritchie,false,Clyde Edwards-Helaire,KC,RB,,,,414.p.32702
2022,The Honey Badgers,68,6,0,Fat Lazy Americans,Andy,true,Dallas Goedert,PHI,TE,,,,414.p.31019
2022,The Honey Badgers,69,6,0,Unicorn Love,Krista,false,Rashod Bateman,BAL,WR,,,,414.p.33415
2022,The Honey Badgers,70,6,0,Kryponite,BULL,false,Hunter Henry,NE,TE,,,,414.p.29269
2022,The Honey Badgers,71,6,0,The Curious Case of Cookus,Joseph,false,Rashaad Penny,PHI,RB,,,,414.p.30997
2022,The Honey Badgers,72,6,0,Jesus take the wheel,Alejandro C,false,Hunter Renfrow,CAR,WR,,,,414.p.31981
2022,The Honey Badgers,73,7,0,Jesus take the wheel,Alejandro C,false,Matthew Stafford,LAR,QB,,,,414.p.9265
2022,The Honey Badgers,74,7,0,The Curious Case of Cookus,Joseph,false,Brandon Aiyuk,SF,WR,,,,414.p.32695
2022,The Honey Badgers,75,7,0,Kryponite,BULL,false,Chris Godwin Jr.,TB,WR,,,,414.p.30197
2022,The Honey Badgers,76,7,0,Unicorn Love,Krista,false,Dawson Knox,BUF,TE,,,,414.p.31928
2022,The Honey Badgers,77,7,0,Fat Lazy Americans,Andy,true,Darnell Mooney,NYG,WR,,,,414.p.32843
2022,The Honey Badgers,78,7,0,McGibblets,fritchie,false,Rhamondre Stevenson,NE,RB,,,,414.p.33508
2022,The Honey Badgers,79,7,0,The Trophy Wives,Geri Hill,false,Tony Pollard,TEN,RB,,,,414.p.31960
2022,The Honey Badgers,80,7,0,My Balls Are Afoot,Chuck,false,Mike Williams,PIT,WR,,,,414.p.30120
2022,The Honey Badgers,81,7,0,Zach Wilson Dating Service,Matthew,false,Michael Thomas,NO,WR,,,,414.p.29281
2022,The Honey Badgers,82,7,0,BeaverFever,Jaimie Harcos,false,Amari Cooper,BUF,WR,,,,414.p.28392
2022,The Honey Badgers,83,7,0,Olivators,Amanda,false,Damien Harris,BUF,RB,,,,414.p.31919
2022,The Honey Badgers,84,7,0,Dolphin Boobiez,Tali,false,James Conner,ARI,RB,,,,414.p.30218
2022,The Honey Badgers,85,8,0,Dolphin Boobiez,Tali,false,Miles Sanders,DAL,RB,,,,414.p.31885
2022,The Honey Badgers,86,8,0,Olivators,Amanda,false,Drake London,ATL,WR,,,,414.p.33963
2022,The Honey Badgers,87,8,0,BeaverFever,Jaimie Harcos,false,Bobby Wagner,WAS,LB,,,,414.p.25757
2022,The Honey Badgers,88,8,0,Zach Wilson Dating Service,Matthew,false,DeVonta Smith,PHI,WR,,,,414.p.33398
2022,The Honey Badgers,89,8,0,My Balls Are Afoot,Chuck,false,Christian Kirk,SF,WR,,,,414.p.31017
2022,The Honey Badgers,90,8,0,The Trophy Wives,Geri Hill,false,De'Vondre Campbell Sr.,SF,LB,,,,414.p.29349
2022,The Honey Badgers,91,8,0,McGibblets,fritchie,false,Tom Brady,TB,QB,,,,414.p.5228
2022,The Honey Badgers,92,8,0,Fat Lazy Americans,Andy,true,Michael Pittman Jr.,PIT,WR,,,,414.p.32704
2022,The Honey Badgers,93,8,0,Unicorn Love,Krista,false,Justin Tucker,BAL,K,,,,414.p.26534
2022,The Honey Badgers,94,8,0,Kryponite,BULL,false,Evan McPherson,CIN,K,,,,414.p.33537
2022,The Honey Badgers,95,8,0,The Curious Case of Cookus,Joseph,false,Trey Lance,LAC,QB,,,,414.p.33391
2022,The Honey Badgers,96,8,0,Jesus take the wheel,Alejandro C,false,Cameron Brate,TB,TE,,,,414.p.28267
2022,The Honey Badgers,97,9,0,Jesus take the wheel,Alejandro C,false,Aaron Rodgers,PIT,QB,,,,414.p.7200
2022,The Honey Badgers,98,9,0,The Curious Case of Cookus,Joseph,false,Allen Lazard,NYJ,WR,,,,414.p.31268
2022,The Honey Badgers,99,9,0,Kryponite,BULL,false,Tremon Smith,HOU,CB,,,,414.p.31166
2022,The Honey Badgers,100,9,0,Unicorn Love,Krista,false,Christian Wilkins,LV,DT,,,,414.p.31845
2022,The Honey Badgers,101,9,0,Fat Lazy Americans,Andy,true,J.K. Dobbins,DEN,RB,,,,414.p.32725
2022,The Honey Badgers,102,9,0,McGibblets,fritchie,false,Robert Woods,PIT,WR,,,,414.p.26664
2022,The Honey Badgers,103,9,0,The Trophy Wives,Geri Hill,false,James Cook III,BUF,RB,,,,414.p.34019
2022,The Honey Badgers,104,9,0,My Balls Are Afoot,Chuck,false,Melvin Gordon III,BAL,RB,,,,414.p.28403
2022,The Honey Badgers,105,9,0,Zach Wilson Dating Service,Matthew,false,Darrell Henderson Jr.,LAR,RB,,,,414.p.31902
2022,The Honey Badgers,106,9,0,BeaverFever,Jaimie Harcos,false,Zach Ertz,PHI,TE,,,,414.p.26658
2022,The Honey Badgers,107,9,0,Olivators,Amanda,false,Roquan Smith,BAL,LB,,,,414.p.30978
2022,The Honey Badgers,108,9,0,Dolphin Boobiez,Tali,false,Devin White,DET,LB,,,,414.p.31837
2022,The Honey Badgers,109,10,0,Dolphin Boobiez,Tali,false,Cordarrelle Patterson,PIT,RB,,,,414.p.26652
2022,The Honey Badgers,110,10,0,Olivators,Amanda,false,Saquon Barkley,PHI,RB,,,,414.p.30972
2022,The Honey Badgers,111,10,0,BeaverFever,Jaimie Harcos,false,Hollywood Brown,PHI,WR,,,,414.p.31857
2022,The Honey Badgers,112,10,0,Zach Wilson Dating Service,Matthew,false,DeAndre Hopkins,BAL,WR,,,,414.p.26650
2022,The Honey Badgers,113,10,0,My Balls Are Afoot,Chuck,false,Fred Warner,SF,LB,,,,414.p.31040
2022,The Honey Badgers,114,10,0,The Trophy Wives,Geri Hill,false,Elijah Moore,PHI,WR,,,,414.p.33422
2022,The Honey Badgers,115,10,0,McGibblets,fritchie,false,Tyler Lockett,LV,WR,,,,414.p.28457
2022,The Honey Badgers,116,10,0,Fat Lazy Americans,Andy,true,Kenneth Walker III,KC,RB,,,,414.p.33996
2022,The Honey Badgers,117,10,0,Unicorn Love,Krista,false,C.J. Moore,DET,S,,,,414.p.32454
2022,The Honey Badgers,118,10,0,Kryponite,BULL,false,Mitchell Trubisky,TEN,QB,,,,414.p.30115
2022,The Honey Badgers,119,10,0,The Curious Case of Cookus,Joseph,false,Shaquille Leonard,IND,LB,,,,414.p.31006
2022,The Honey Badgers,120,10,0,Jesus take the wheel,Alejandro C,false,Isaiah McKenzie,MIA,WR,,,,414.p.30285
2022,The Honey Badgers,121,11,0,Jesus take the wheel,Alejandro C,false,Tae Crowder,TEN,LB,,,,414.p.32924
2022,The Honey Badgers,122,11,0,The Curious Case of Cookus,Joseph,false,Micah Parsons,GB,LB,,,,414.p.33400
2022,The Honey Badgers,123,11,0,Kryponite,BULL,false,Michael Carter,TEN,RB,,,,414.p.33495
2022,The Honey Badgers,124,11,0,Unicorn Love,Krista,false,Bobby Price,WAS,"S,CB",,,,414.p.33190
2022,The Honey Badgers,125,11,0,Fat Lazy Americans,Andy,true,Jordyn Brooks,MIA,LB,,,,414.p.32697
2022,The Honey Badgers,126,11,0,McGibblets,fritchie,false,George Pickens,DAL,WR,,,,414.p.34007
2022,The Honey Badgers,127,11,0,The Trophy Wives,Geri Hill,false,Eric Kendricks,SF,LB,,,,414.p.28433
2022,The Honey Badgers,128,11,0,My Balls Are Afoot,Chuck,false,Foyesade Oluokun,JAX,LB,,,,414.p.31170
2022,The Honey Badgers,129,11,0,Zach Wilson Dating Service,Matthew,false,Dak Prescott,DAL,QB,,,,414.p.29369
2022,The Honey Badgers,130,11,0,BeaverFever,Jaimie Harcos,false,Aaron Donald,LAR,DT,,,,414.p.27541
2022,The Honey Badgers,131,11,0,Olivators,Amanda,false,Alexander Mattison,MIA,RB,,,,414.p.31934
2022,The Honey Badgers,132,11,0,Dolphin Boobiez,Tali,false,Kadarius Toney,CLE,WR,,,,414.p.33408
2022,The Honey Badgers,133,12,0,Dolphin Boobiez,Tali,false,Kyzir White,TEN,LB,,,,414.p.31089
2022,The Honey Badgers,134,12,0,Olivators,Amanda,false,C.J. Mosley,NYJ,LB,,,,414.p.27545
2022,The Honey Badgers,135,12,0,BeaverFever,Jaimie Harcos,false,T.J. Watt,PIT,LB,,,,414.p.30143
2022,The Honey Badgers,136,12,0,Zach Wilson Dating Service,Matthew,false,Nyheim Miller-Hines,LAC,RB,,,,414.p.31074
2022,The Honey Badgers,137,12,0,My Balls Are Afoot,Chuck,false,Budda Baker,ARI,S,,,,414.p.30149
2022,The Honey Badgers,138,12,0,The Trophy Wives,Geri Hill,false,Treylon Burks,WAS,WR,,,,414.p.33973
2022,The Honey Badgers,139,12,0,McGibblets,fritchie,false,Tyler Higbee,LAR,TE,,,,414.p.29344
2022,The Honey Badgers,140,12,0,Fat Lazy Americans,Andy,true,Chris Olave,NO,WR,,,,414.p.33966
2022,The Honey Badgers,141,12,0,Unicorn Love,Krista,false,Cole Kmet,CHI,TE,,,,414.p.32713
2022,The Honey Badgers,142,12,0,Kryponite,BULL,false,Sean Chandler,WAS,S,,,,414.p.31548
2022,The Honey Badgers,143,12,0,The Curious Case of Cookus,Joseph,false,Kirk Cousins,LV,QB,,,,414.p.25812
2022,The Honey Badgers,144,12,0,Jesus take the wheel,Alejandro C,false,Myles Garrett,LAR,DE,,,,414.p.30114
2022,The Honey Badgers,145,13,0,Jesus take the wheel,Alejandro C,false,Nick Bolton,KC,LB,,,,414.p.33446
2022,The Honey Badgers,146,13,0,The Curious Case of Cookus,Joseph,false,Logan Wilson,DAL,LB,,,,414.p.32735
2022,The Honey Badgers,147,13,0,Kryponite,BULL,false,Isaiah Rodgers,MIN,CB,,,,414.p.32881
2022,The Honey Badgers,148,13,0,Unicorn Love,Krista,false,Derek Carr,NO,QB,,,,414.p.27564
2022,The Honey Badgers,149,13,0,Fat Lazy Americans,Andy,true,Cole Holcomb,PIT,LB,,,,414.p.32005
2022,The Honey Badgers,150,13,0,McGibblets,fritchie,false,Jeremy Chinn,LV,S,,,,414.p.32734
2022,The Honey Badgers,151,13,0,The Trophy Wives,Geri Hill,false,Kenny Gainwell,TB,RB,,,,414.p.33538
2022,The Honey Badgers,152,13,0,My Balls Are Afoot,Chuck,false,DeVante Parker,NE,WR,,,,414.p.28402
2022,The Honey Badgers,153,13,0,Zach Wilson Dating Service,Matthew,false,Derwin James Jr.,LAC,S,,,,414.p.30987
2022,The Honey Badgers,154,13,0,BeaverFever,Jaimie Harcos,false,Daniel Carlson,NO,K,,,,414.p.31137
2022,The Honey Badgers,155,13,0,Olivators,Amanda,false,Chase Claypool,BUF,WR,,,,414.p.32719
2022,The Honey Badgers,156,13,0,Dolphin Boobiez,Tali,false,DJ Chark,ATL,WR,,,,414.p.31031
2022,The Honey Badgers,157,14,0,Dolphin Boobiez,Tali,false,Trevor Lawrence,JAX,QB,,,,414.p.33389
2022,The Honey Badgers,158,14,0,Olivators,Amanda,false,Tyler Bass,BUF,K,,,,414.p.32858
2022,The Honey Badgers,159,14,0,BeaverFever,Jaimie Harcos,false,Pat Freiermuth,PIT,TE,,,,414.p.33443
2022,The Honey Badgers,160,14,0,Zach Wilson Dating Service,Matthew,false,Jeremiah Owusu-Koramoah,CLE,LB,,,,414.p.33440
2022,The Honey Badgers,161,14,0,My Balls Are Afoot,Chuck,false,Jameis Winston,NYG,QB,,,,414.p.28389
2022,The Honey Badgers,162,14,0,The Trophy Wives,Geri Hill,false,Matt Gay,LV,K,,,,414.p.31977
2022,The Honey Badgers,163,14,0,McGibblets,fritchie,false,Von Miller,DAL,LB,,,,414.p.24789
2022,The Honey Badgers,164,14,0,Fat Lazy Americans,Andy,true,Lavonte David,TB,LB,,,,414.p.25768
2022,The Honey Badgers,165,14,0,Unicorn Love,Krista,false,Russell Gage Jr.,SF,WR,,,,414.p.31164
2022,The Honey Badgers,166,14,0,Kryponite,BULL,false,David Njoku,LAC,TE,,,,414.p.30142
2022,The Honey Badgers,167,14,0,The Curious Case of Cookus,Joseph,false,Raheem Mostert,LV,RB,,,,414.p.28654
2022,The Honey Badgers,168,14,0,Jesus take the wheel,Alejandro C,false,Matt Prater,BUF,K,,,,414.p.8565
2022,The Honey Badgers,169,15,0,Jesus take the wheel,Alejandro C,false,Quay Walker,LV,LB,,,,414.p.33977
2022,The Honey Badgers,170,15,0,The Curious Case of Cookus,Joseph,false,Jamaal Williams,NO,RB,,,,414.p.30247
2022,The Honey Badgers,171,15,0,Kryponite,BULL,false,Khalil Herbert,ATL,RB,,,,414.p.33605
2022,The Honey Badgers,172,15,0,Unicorn Love,Krista,false,Rachaad White,WAS,RB,,,,414.p.34047
2022,The Honey Badgers,173,15,0,Fat Lazy Americans,Andy,true,Julio Jones,PHI,WR,,,,414.p.24793
2022,The Honey Badgers,174,15,0,McGibblets,fritchie,false,Vonn Bell,CIN,S,,,,414.p.29295
2022,The Honey Badgers,175,15,0,The Trophy Wives,Geri Hill,false,Justin Fields,KC,QB,,,,414.p.33399
2022,The Honey Badgers,176,15,0,My Balls Are Afoot,Chuck,false,Robbie Gould,SF,K,,,,414.p.7520
2022,The Honey Badgers,177,15,0,Zach Wilson Dating Service,Matthew,false,Johnathan Abram,NO,S,,,,414.p.31859
2022,The Honey Badgers,178,15,0,BeaverFever,Jaimie Harcos,false,Tua Tagovailoa,ATL,QB,,,,414.p.32675
2022,The Honey Badgers,179,15,0,Olivators,Amanda,false,Skyy Moore,GB,WR,,,,414.p.34009
2022,The Honey Badgers,180,15,0,Dolphin Boobiez,Tali,false,Isaiah Simmons,CAR,LB,,,,414.p.32678
2022,The Honey Badgers,181,16,0,Dolphin Boobiez,Tali,false,Harrison Butker,KC,K,,,,414.p.30346
2022,The Honey Badgers,182,16,0,Olivators,Amanda,false,Jamal Adams,MIN,S,,,,414.p.30119
2022,The Honey Badgers,183,16,0,BeaverFever,Jaimie Harcos,false,James Robinson,NO,RB,,,,414.p.33138
2022,The Honey Badgers,184,16,0,Zach Wilson Dating Service,Matthew,false,Matt Ryan,IND,QB,,,,414.p.8780
2022,The Honey Badgers,185,16,0,My Balls Are Afoot,Chuck,false,Nico Collins,HOU,WR,,,,414.p.33477
2022,The Honey Badgers,186,16,0,The Trophy Wives,Geri Hill,false,Bobby Okereke,CAR,LB,,,,414.p.31921
2022,The Honey Badgers,187,16,0,McGibblets,fritchie,false,Rex Burkhead,HOU,RB,,,,414.p.26813
2022,The Honey Badgers,188,16,0,Fat Lazy Americans,Andy,true,Brian Robinson,ATL,RB,,,,414.p.34054
2022,The Honey Badgers,189,16,0,Unicorn Love,Krista,false,Jakobi Meyers,JAX,WR,,,,414.p.32231
2022,The Honey Badgers,190,16,0,Kryponite,BULL,false,Tyler Boyd,TEN,WR,,,,414.p.29288
2022,The Honey Badgers,191,16,0,The Curious Case of Cookus,Joseph,false,Nick Bosa,SF,DE,,,,414.p.31834
2022,The Honey Badgers,192,16,0,Jesus take the wheel,Alejandro C,false,Mark Ingram II,NO,RB,,,,414.p.24815
2022,The Honey Badgers,193,17,0,Jesus take the wheel,Alejandro C,false,Gerald Everett,CHI,TE,,,,414.p.30157
2022,The Honey Badgers,194,17,0,The Curious Case of Cookus,Joseph,false,Brandon McManus,GB,K,,,,414.p.27120
2022,The Honey Badgers,195,17,0,Kryponite,BULL,false,Greg Joseph,LV,K,,,,414.p.31538
2022,The Honey Badgers,196,17,0,Unicorn Love,Krista,false,Nick Folk,ATL,K,,,,414.p.8432
2022,The Honey Badgers,197,17,0,Fat Lazy Americans,Andy,true,Isiah Pacheco,DET,RB,,,,414.p.34207
2022,The Honey Badgers,198,17,0,McGibblets,fritchie,false,Dustin Hopkins,CLE,K,,,,414.p.26800
2022,The Honey Badgers,199,17,0,The Trophy Wives,Geri Hill,false,Tyler Allgeier,ARI,RB,,,,414.p.34107
2022,The Honey Badgers,200,17,0,My Balls Are Afoot,Chuck,false,Zack Moss,CIN,RB,,,,414.p.32756
2022,The Honey Badgers,201,17,0,Zach Wilson Dating Service,Matthew,false,Ryan Succop,TB,K,,,,414.p.9520
2022,The Honey Badgers,202,17,0,BeaverFever,Jaimie Harcos,false,Jake Elliott,PHI,K,,,,414.p.30266
2022,The Honey Badgers,203,17,0,Olivators,Amanda,false,Jalen Tolbert,MIA,WR,,,,414.p.34044
2022,The Honey Badgers,204,17,0,Dolphin Boobiez,Tali,false,Albert Okwuegbunam Jr.,LV,TE,,,,414.p.32788
