OverallRank,Round,Player,Position,Team,TheLeagueProjPoints,VORP,GenericHalfPPRPoints,KeeperStatus
1,1,Jahmyr Gibbs,RB,DET,342.8,177.7,342.8,
2,1,Bijan Robinson,RB,ATL,318.2,153.1,318.1,
3,1,Christian McCaffrey,RB,SF,295.5,130.4,295.5,
4,1,Jonathan Taylor,RB,IND,289.9,124.8,289.9,
5,1,Puka Nacua,WR,LAR,281,117.9,281,LOCKED I LIKE BIG TDS Rd 6
6,1,Ja'Marr Chase,WR,CIN,275.2,112.1,275.2,
7,1,Jaxon Smith-Njigba,WR,SEA,270.5,107.4,270.5,LOCKED Fat Lazy Americans Rd 4
8,1,Derrick Henry,RB,BAL,265.8,100.7,265.8,
9,1,Amon-Ra St. Brown,WR,DET,261.2,98.1,261.3,
10,1,De'Von Achane,RB,MIA,260,94.9,260,LOCKED Dumpster Fire Rd 6
11,1,James Cook III,RB,BUF,254.1,89,254.1,
12,1,Chase Brown,RB,CIN,246.7,81.6,246.7,LOCKED MombaMentality Rd 4
13,2,Saquon Barkley,RB,PHI,243.8,78.7,243.9,
14,2,Josh Allen,QB,BUF,414.3,71.3,370.5,
15,2,Kenneth Walker III,RB,KC,236.4,71.3,236.3,
16,2,Trey McBride,TE,ARI,201.5,70.1,201.5,
17,2,Ashton Jeanty,RB,LV,231.8,66.7,231.9,
18,2,Drake London,WR,ATL,227.1,64,227.1,
19,2,Brock Bowers,TE,LV,195.3,63.9,195.4,LOCKED Postino's Banditos Rd 4
20,2,Omarion Hampton,RB,LAC,228.9,63.8,228.9,
21,2,CeeDee Lamb,WR,DAL,224,60.9,224,
22,2,Jordyn Brooks,LB,MIA,193.5,60.6,290.2,
23,2,Jeremiyah Love,RB,ARI,224.4,59.3,224.3,
24,2,Javonte Williams,RB,DAL,223.8,58.7,223.8,LOCKED Berserker Rd 7
25,3,Justin Jefferson,WR,MIN,221.4,58.3,221.4,
26,3,Breece Hall,RB,NYJ,222.3,57.2,222.3,
27,3,Rashee Rice,WR,KC,219.2,56.1,219.2,LOCKED Berserker Rd 9
28,3,Blake Cashman,LB,MIN,186.6,53.7,279.9,
29,3,Kyren Williams,RB,LAR,218.6,53.5,218.6,LOCKED Oroszlanok Rd 6
30,3,Chris Olave,WR,NO,216,52.9,216.1,
31,3,A.J. Brown,WR,NE,212.7,49.6,212.7,
32,3,Travis Etienne Jr.,RB,NO,214.2,49.1,214.2,LOCKED Kona’s Kickers Rd 5
33,3,Cam Skattebo,RB,NYG,212.6,47.5,212.6,LOCKED Dumpster Fire Rd 8
34,3,George Pickens,WR,DAL,210.6,47.5,210.6,
35,3,Nico Collins,WR,HOU,209.1,46,209.1,
36,3,Jack Campbell,LB,DET,178.2,45.3,269.2,
37,4,T.J. Edwards,LB,CHI,178.2,45.3,267.2,
38,4,Colston Loveland,TE,CHI,172.1,40.7,172.1,LOCKED Wailin Raylans Rd 10
39,4,D'Andre Swift,RB,CHI,205.5,40.4,205.5,
40,4,Nick Bolton,LB,KC,172,39.1,258.7,
41,4,Zay Flowers,WR,BAL,201,37.9,201.1,LOCKED Kona’s Kickers Rd 4
42,4,Malik Nabers,WR,NYG,199.8,36.7,199.8,
43,4,Carson Schwesinger,LB,CLE,169.6,36.7,254.1,
44,4,Fred Warner,LB,SF,168.9,36,257.4,
45,4,Quinshon Judkins,RB,CLE,199.8,34.7,199.8,LOCKED Oroszlanok Rd 9
46,4,Bucky Irving,RB,TB,199.7,34.6,199.8,
47,4,Mack Wilson Sr.,LB,ARI,166.8,33.9,252.7,
48,4,Garrett Wilson,WR,NYJ,194.8,31.7,194.8,
49,5,Foyesade Oluokun,LB,JAC,163.8,30.9,247.2,
50,5,Tetairoa McMillan,WR,CAR,193.1,30,193.1,
51,5,DeVonta Smith,WR,PHI,193,29.9,193.1,LOCKED Postino's Banditos Rd 3
52,5,Bhayshul Tuten,RB,JAC,194.9,29.8,194.9,
53,5,Cedric Gray,LB,TEN,162.4,29.5,244,
54,5,Lamar Jackson,QB,BAL,371.9,28.9,324.9,
55,5,Emeka Egbuka,WR,TB,191.6,28.5,191.6,
56,5,Tyler Warren,TE,IND,159.7,28.3,159.7,
57,5,Ernest Jones IV,LB,SEA,160,27.1,241.1,
58,5,Quay Walker,LB,LV,159.8,26.9,239.4,
59,5,Harold Fannin Jr.,TE,CLE,157.5,26.1,157.5,
60,5,Davante Adams,WR,LAR,187.8,24.7,187.8,
61,6,Alex Singleton,LB,DEN,156.1,23.2,235.1,
62,6,Tee Higgins,WR,CIN,186.2,23.1,186.2,
63,6,Jamien Sherwood,LB,NYJ,156,23.1,233.9,
64,6,Roquan Smith,LB,BAL,156,23.1,234.6,
65,6,Drake Maye,QB,NE,365.7,22.7,320.7,
66,6,Joe Burrow,QB,CIN,365.7,22.7,310.8,LOCKED Fat Lazy Americans Rd 10
67,6,Jameson Williams,WR,DET,185.2,22.1,185.2,
68,6,Tremaine Edmunds,LB,NYG,154.1,21.2,231.9,
69,6,George Kittle,TE,SF,151.7,20.3,151.7,
70,6,Nakobe Dean,LB,LV,152.4,19.5,230.7,
71,6,Nate Landman,LB,LAR,151.8,18.9,231.5,
72,6,Jalen Hurts,QB,PHI,361.2,18.2,320.2,
73,7,David Montgomery,RB,HOU,183,17.9,182.9,
74,7,Kyle Pitts Sr.,TE,ATL,149.2,17.8,149.2,
75,7,Sam LaPorta,TE,DET,149,17.6,149,
76,7,Zack Baun,LB,PHI,149.6,16.7,225.2,
77,7,Jayden Daniels,QB,WAS,358.7,15.7,322.2,
78,7,Ladd McConkey,WR,LAC,178.6,15.5,178.6,LOCKED Billy Goat Tavern Rd 4
79,7,Dallas Goedert,TE,PHI,146.7,15.3,146.8,
80,7,Bobby Okereke,LB,CAR,147.5,14.6,221.2,
81,7,Robert Spillane,LB,NE,145.9,13,219.4,
82,7,Travis Kelce,TE,KC,144.4,13,144.4,
83,7,Dak Prescott,QB,DAL,355.9,12.9,305.4,
84,7,Demario Davis,LB,NYJ,145.8,12.9,220.1,
85,8,Dre Greenlaw,LB,SF,145.7,12.8,219.4,
86,8,Tucker Kraft,TE,GB,144.2,12.8,144.2,
87,8,Daiyan Henley,LB,LAC,145.4,12.5,217.9,
88,8,Terry McLaurin,WR,WAS,175,11.9,175,
89,8,Barrett Carter,LB,CIN,144.7,11.8,217.2,
90,8,Edgerrin Cooper,LB,GB,144.2,11.3,217.8,
91,8,Patrick Queen,LB,PIT,144.2,11.3,217.1,
92,8,Rome Odunze,WR,CHI,174.1,11,174.1,
93,8,DJ Moore,WR,BUF,173.6,10.5,173.6,
94,8,Azeez Al-Shaair,LB,HOU,143.4,10.5,216.6,
95,8,Matthew Stafford,QB,LAR,353.2,10.2,293.9,LOCKED Billy Goat Tavern Rd 10
96,8,Jaylen Waddle,WR,DEN,173.2,10.1,173.2,
97,9,Jaylen Warren,RB,PIT,174.8,9.7,174.8,
98,9,Jadarian Price,RB,SEA,174.5,9.4,174.5,
99,9,TreVeyon Henderson,RB,NE,173.9,8.8,173.9,
100,9,Luther Burden III,WR,CHI,171.7,8.6,171.8,
101,9,Sonny Styles,LB,WAS,141.5,8.6,213.3,
102,9,Tony Pollard,RB,TEN,171.7,6.6,171.7,
103,9,Jaquan Brisker,DB,PIT,139.3,6.4,209.2,
104,9,Rhamondre Stevenson,RB,NE,171.1,6,171.1,
105,9,Mark Andrews,TE,BAL,137.3,5.9,137.3,
106,9,Kaden Elliss,LB,NO,138.7,5.8,207.8,
107,9,Devin Bush Jr.,LB,CHI,138.3,5.4,209.2,
108,9,Nick Scott,DB,CAR,138.2,5.3,207.8,
109,10,Christian Watson,WR,GB,168.3,5.2,168.3,
110,10,DeMarvion Overshown,LB,DAL,138.1,5.2,207.4,
111,10,Trevor Lawrence,QB,JAC,347.6,4.6,306.6,
112,10,Caleb Williams,QB,CHI,347,4,301.5,
113,10,Brock Purdy,QB,SF,346.4,3.4,306,
114,10,Budda Baker,DB,ARI,135.7,2.8,204.3,
115,10,Isaiah Likely,TE,NYG,133.9,2.5,133.9,
116,10,Patrick Mahomes II,QB,KC,344.8,1.8,302.5,
117,10,Courtland Sutton,WR,DEN,164.8,1.7,164.8,
118,10,Kyle Hamilton,DB,BAL,134.4,1.5,203.8,
119,10,J.K. Dobbins,RB,DEN,166.3,1.2,166.3,
120,10,Alec Pierce,WR,IND,163.7,0.6,163.7,
121,11,Devin Lloyd,LB,CAR,133.1,0.2,200,
122,11,Marvin Harrison Jr.,WR,ARI,163.2,0.1,163.2,
123,11,Jaxson Dart,QB,NYG,343,0,309.6,
124,11,Rico Dowdle,RB,PIT,165.1,0,165.1,
125,11,Mike Evans,WR,SF,163.1,0,163.1,
126,11,Frankie Luvu,LB,WAS,132.9,0,200.3,
127,11,Kam Curl,DB,LAR,132.9,0,201,
128,11,Dalton Kincaid,TE,BUF,131.4,0,131.4,
129,11,DK Metcalf,WR,PIT,163,-0.1,163,
130,11,Tykee Smith,DB,TB,132.5,-0.4,200.4,
131,11,Christian Elliss,LB,NE,132.3,-0.6,200,
132,11,Alohi Gilman,DB,KC,131.9,-1,200.2,
133,12,Jake Ferguson,TE,DAL,130.4,-1,130.4,
134,12,Jared Goff,QB,DET,341.5,-1.5,288,
135,12,Jacob Rodriguez,LB,MIA,130.9,-2,197.2,
136,12,Zaire Franklin,LB,GB,130.9,-2,196.7,
137,12,Bo Nix,QB,DEN,340.6,-2.4,298,
138,12,DaRon Bland,DB,DAL,130.3,-2.6,195.7,
139,12,Justin Herbert,QB,LAC,340.2,-2.8,299.5,
140,12,Demetrius Knight Jr.,LB,CIN,129.5,-3.4,194.3,
141,12,Nick Cross,DB,WAS,129,-3.9,194.4,
142,12,Trent McDuffie,DB,LAR,128.5,-4.4,194.7,
143,12,Quincy Williams,LB,CLE,128.4,-4.5,192.9,
144,12,Terrel Bernard,LB,BUF,127.3,-5.6,191.5,
145,13,Hunter Henry,TE,NE,125.2,-6.2,125.2,
146,13,Dante Trader Jr.,DB,MIA,126.4,-6.5,189.9,
147,13,Jeremy Chinn,DB,LV,126.1,-6.8,191.2,
148,13,Christian Gonzalez,DB,NE,126,-6.9,190.9,
149,13,Divine Deablo,LB,ATL,125.9,-7,189.2,
150,13,Derwin James Jr.,DB,LAC,125.7,-7.2,189.8,
151,13,Xavier McKinney,DB,GB,125.7,-7.2,191,
152,13,Cody Barton,LB,TEN,125.6,-7.3,188.6,
153,13,Eric Wilson,LB,MIN,125.6,-7.3,189.2,
154,13,Chuba Hubbard,RB,CAR,157.6,-7.5,157.7,
155,13,Juwan Johnson,TE,NO,123.3,-8.1,123.3,
156,13,Cam Lewis,DB,CHI,124.7,-8.2,189.3,
157,14,Nick Emmanwori,DB,SEA,123.6,-9.3,184.6,
158,14,Brenton Strange,TE,JAC,121.8,-9.6,121.8,
159,14,Talanoa Hufanga,DB,DEN,123.2,-9.7,186,
160,14,Antoine Winfield Jr.,DB,TB,123.1,-9.8,186.2,
161,14,Drue Tranquill,LB,KC,123.1,-9.8,184.9,
162,14,Parker Washington,WR,JAC,153,-10.1,153.1,
163,14,Craig Woodson,DB,NE,122.7,-10.2,184.5,
164,14,Chamarri Conner,DB,KC,122.4,-10.5,185.4,
165,14,Dadrion Taylor-Demerson,DB,ARI,122.2,-10.7,184.8,
166,14,Jordan Battle,DB,CIN,122.2,-10.7,185.7,
167,14,Brian Thomas Jr.,WR,JAC,152.1,-11,152.1,
168,14,Derrick Barnes,LB,DET,121.9,-11,181,
169,15,Dorian Williams,LB,BUF,121.7,-11.2,182.2,
170,15,Jihaad Campbell,LB,PHI,121,-11.9,182.6,
171,15,Maxx Crosby,DL,LV,120.7,-12.2,177.7,
172,15,Arvell Reese,LB,NYG,120.4,-12.5,181.5,
173,15,Michael Pittman Jr.,WR,PIT,150,-13.1,150,
174,15,Ventrell Miller,LB,JAC,119.7,-13.2,180.9,
175,15,Kevin Winston Jr.,DB,TEN,119.6,-13.3,179.5,
176,15,Jonathon Brooks,RB,CAR,151.7,-13.4,151.7,
177,15,Joshua Metellus,DB,MIN,119.4,-13.5,180.4,
178,15,MarShawn Lloyd,RB,GB,151.4,-13.7,151.4,
179,15,Alex Anzalone,LB,TB,118.8,-14.1,178.3,
180,15,Quentin Lake,DB,LAR,118.7,-14.2,179.6,
181,16,Ji'Ayir Brown,DB,SF,118.3,-14.6,178.3,
182,16,Eric Murray,DB,JAC,117.5,-15.4,178.2,
183,16,Kamari Lassiter,DB,HOU,117.2,-15.7,176.5,
184,16,Dalton Schultz,TE,HOU,115.7,-15.7,115.7,
185,16,Tre'von Moehrig,DB,CAR,116.9,-16,175.3,
186,16,Henry To'oTo'o,LB,HOU,116.6,-16.3,175.5,
187,16,Akeem Davis-Gaither,LB,IND,115.7,-17.2,174.5,
188,16,Kevin Byard III,DB,NE,115.7,-17.2,175.1,
189,16,Zyon McCollum,DB,TB,115.7,-17.2,173.7,
190,16,Carnell Tate,WR,TEN,145.8,-17.3,145.8,
191,16,Kyler Murray,QB,MIN,325.6,-17.4,291.4,
192,16,Myles Garrett,DL,LAR,115.4,-17.5,168.9,
193,17,Jayden Reed,WR,GB,145.4,-17.7,145.4,
194,17,Jessie Bates III,DB,ATL,114.7,-18.2,173.9,
195,17,Amani Hooker,DB,TEN,114.6,-18.3,172.7,
196,17,Kenny Gainwell,RB,TB,146.7,-18.4,146.7,
197,17,Brian Burns,DL,NYG,114.1,-18.8,168.7,
198,17,Michael Wilson,WR,ARI,144.1,-19,144.1,
199,17,D.J. Reed Jr.,DB,DET,113.8,-19.1,172.9,
200,17,Xavier Watts,DB,ATL,113.7,-19.2,172.5,
201,17,Quentin Johnston,WR,LAC,143.8,-19.3,143.9,
202,17,Cooper DeJean,DB,PHI,113.6,-19.3,172.6,
203,17,Dax Hill,DB,CIN,113.6,-19.3,170.4,
204,17,Jalen Thompson,DB,DAL,113.4,-19.5,170.9,
205,18,A.J. Terrell Jr.,DB,ATL,113,-19.9,172.6,
206,18,Cole Bishop,DB,BUF,112.7,-20.2,169.9,
207,18,Minkah Fitzpatrick,DB,NYJ,112.5,-20.4,170.6,
208,18,Jeffery Simmons,DL,TEN,112.4,-20.5,168.1,
209,18,Kyle Monangai,RB,CHI,144.5,-20.6,144.4,
210,18,Ronnie Hickman Jr.,DB,CLE,112.2,-20.7,169.2,
211,18,Jakobi Meyers,WR,JAC,142.3,-20.8,142.2,
212,18,Omar Speights,LB,LAR,112,-20.9,168.1,
213,18,Chris Godwin Jr.,WR,TB,141.8,-21.3,141.8,
214,18,Jordan Addison,WR,MIN,141.4,-21.7,141.4,
215,18,Kool-Aid McKinstry,DB,NO,111.1,-21.8,167.4,
216,18,Rachaad White,RB,WAS,143.2,-21.9,143.2,
217,19,C.J. Gardner-Johnson,DB,BUF,110.9,-22,167.6,
218,19,Paulson Adebo,DB,NYG,110.7,-22.2,166.4,
219,19,Baker Mayfield,QB,TB,320.7,-22.3,281.8,
220,19,Brandon Jones,DB,DEN,110.6,-22.3,167.3,
221,19,Zayne Anderson,LB,MIA,110.5,-22.4,167.2,
222,19,T.J. Hockenson,TE,MIN,108.9,-22.5,108.9,
223,19,Jevon Holland,DB,NYG,110.2,-22.7,165.8,
224,19,Ty Okada,DB,SEA,110.2,-22.7,165.8,
225,19,Devon Witherspoon,DB,SEA,110,-22.9,165.9,
226,19,Jaylon Carlies,LB,IND,110,-22.9,165.2,
227,19,Reed Blankenship,DB,HOU,109.2,-23.7,165.3,
228,19,Jalen Ramsey,DB,PIT,109.1,-23.8,163.5,
229,20,Pat Freiermuth,TE,PIT,107.6,-23.8,107.6,
230,20,Dillon Thieneman,DB,CHI,109,-23.9,165.3,
231,20,Jordan Love,QB,GB,319,-24,275.6,
232,20,Aaron Jones Sr.,RB,MIN,141.1,-24,141.1,
233,20,Xavier Worthy,WR,KC,139.1,-24,139.1,
234,20,Jacory Croskey-Merritt,RB,WAS,141,-24.1,141.1,
235,20,Wan'Dale Robinson,WR,TEN,139,-24.1,139.1,
236,20,Carlton Davis III,DB,NE,108.6,-24.3,163.3,
237,20,Jalen Pitre,DB,HOU,108.6,-24.3,163.3,
238,20,Nate Wiggins,DB,BAL,108.5,-24.4,163.4,
239,20,Bryan Cook,DB,CIN,108.4,-24.5,163,
240,20,De'Zhaun Stribling,WR,SF,138.4,-24.7,138.4,
241,21,Andrew Van Ginkel,LB,MIN,108.2,-24.7,160.6,
242,21,Julian Love,DB,SEA,108,-24.9,163.7,
243,21,Greg Dulcich,TE,MIA,106.4,-25,106.4,
244,21,Tyler Shough,QB,NO,317.7,-25.3,285.1,
245,21,Christian Harris,LB,ATL,107.5,-25.4,162.6,
246,21,Drake Thomas,LB,SEA,107.5,-25.4,161.8,
247,21,Evan Williams,DB,GB,107.5,-25.4,162.7,
248,21,Alontae Taylor,DB,TEN,107.4,-25.5,161.2,
249,21,Matthew Golden,WR,GB,137.4,-25.7,137.4,
250,21,Kenyon Sadiq,TE,NYJ,105.7,-25.7,105.8,
251,21,Tyrique Stevenson,DB,CHI,107,-25.9,164.9,
252,21,RJ Harvey,RB,DEN,139.1,-26,139.1,
253,22,Dee Winters,LB,DAL,106.9,-26,160.6,
254,22,Malaki Starks,DB,BAL,106.6,-26.3,160.3,
255,22,Tyson Campbell,DB,CLE,106.2,-26.7,161.8,
256,22,Jordan Mason,RB,MIN,138.3,-26.8,138.3,
257,22,Aidan Hutchinson,DL,DET,106.1,-26.8,157.6,
258,22,Caleb Downs,DB,DAL,105.8,-27.1,160.6,
259,22,Grant Delpit,DB,CLE,105.8,-27.1,159.8,
260,22,Andrew Mukuba,DB,PHI,105.7,-27.2,159.2,
