week,event_id,date_utc,team,opp,home_away,record_after,pts,opp_pts,margin,su,line,ml,ats,cover_margin,total,game_pts,ou,implied_pts,h1,h2_ot,opp_h1,opp_h2_ot,plays,yards,ypp,opp_yards,opp_ypp,ypp_diff,pass_yds,cmp_att,ypa,rush_yds,rush_att,ypc,first_downs,third_down,third_pct,fourth_down,red_zone,rz_td_pct,sacks_taken,sacks_made,giveaways,takeaways,to_margin,def_td,penalties,top_sec,top,drives,td_drives,fg_drives,giveaway_drives,three_and_outs,avg_start_own,pts_per_drive,qb_line,top_rusher,top_receiver,q_pts,flags,season_su,season_ats,season_ou,season_pt_diff,season_ypp_for,season_ypp_against,season_to_margin
4,401872964,2026-10-02T00:15Z,PIT,CLE,away,2-2,24,27,-3,L,-2.5,-148.0,L,-5.5,38.5,51,O,20.5,10,14,21,6,64,361,5.6,372,6.0,-0.4,269,22/40,6.0,92,19,4.8,24,4-13,0.308,0-0,2-3,0.667,5,2.0,2,2,0,0,8-50,1871,31:11,12,3,1,2,4,27.0,2.0,Aaron Rodgers 22/40 299y 3TD 2INT sk 5-30 QBR 49.4,Jaylen Warren 17-93 0TD,DK Metcalf 5/9-115 0TD,7-3-0-14,,2-2,2-2,2-2,-10,5.05,5.67,2
4,401872964,2026-10-02T00:15Z,CLE,PIT,home,3-1,27,24,3,W,2.5,124.0,W,5.5,38.5,51,O,18.0,21,6,10,14,62,372,6.0,361,5.6,0.4,260,24/33,7.4,112,27,4.1,22,4-10,0.4,0-0,2-2,1.0,2,5.0,2,2,0,0,14-88,1729,28:49,13,3,2,2,1,22.6,2.08,Deshaun Watson 24/33 268y 1TD 1INT sk 2-8 QBR 53.4,Quinshon Judkins 17-53 1TD,Denzel Boston 4/7-89 0TD,0-21-0-6,,3-1,3-1,3-1,-14,5.15,5.47,-1
4,401872965,2026-10-04T13:30Z,IND,WSH,away,2-2,30,13,17,W,-4.5,-225.0,W,12.5,46.5,43,U,25.5,10,20,6,7,66,257,3.9,317,5.2,-1.3,129,19/34,3.6,128,30,4.3,17,5-16,0.312,1-1,3-3,1.0,2,2.0,2,1,-1,0,1-5,1840,30:40,13,3,3,2,2,37.4,2.31,Daniel Jones 19/34 143y 0TD 1INT sk 2-14 QBR 19.6,Jonathan Taylor 20-95 2TD,Laquon Treadwell 5/6-42 0TD,0-10-10-10,won despite YPP deficit,2-2,3-1,2-2,-2,4.5,6.05,-6
4,401872965,2026-10-04T13:30Z,WSH,IND,home,1-3,13,30,-17,L,4.5,185.0,L,-12.5,46.5,43,U,21.0,6,7,10,20,61,317,5.2,257,3.9,1.3,217,18/37,5.6,100,22,4.5,12,2-15,0.133,1-4,0-2,0.0,2,2.0,1,2,1,0,10-84,1760,29:20,12,1,2,4,1,28.2,1.08,Athan Kaliakmanis 15/33 186y 1TD 1INT sk 1-9 QBR 20.7,Marcus Mariota 1-35 0TD,Dyami Brown 3/4-65 0TD,6-0-7-0,lost despite YPP edge,1-3,2-2,3-1,-34,4.85,5.7,3
4,401872966,2026-10-04T17:00Z,ARI,NYG,away,1-3,24,36,-12,L,-2.5,-130.0,L,-14.5,43.5,60,O,23.0,17,7,19,17,63,270,4.3,319,5.2,-0.9,147,21/35,4.0,123,26,4.7,19,4-12,0.333,0-1,2-3,0.667,2,4.0,3,3,0,0,7-55,1667,27:47,13,4,1,3,5,31.0,1.85,Jacoby Brissett 21/35 166y 2TD 3INT sk 2-19 QBR 31.8,Jeremiyah Love 14-63 0TD,Michael Wilson 7/13-95 0TD,14-3-7-0,,1-3,2-2,2-2,-30,4.38,6.22,3
4,401872966,2026-10-04T17:00Z,NYG,ARI,home,3-1,36,24,12,W,2.5,110.0,W,14.5,43.5,60,O,20.5,19,17,17,7,61,319,5.2,270,4.3,0.9,232,18/29,7.0,87,28,3.1,17,7-15,0.467,0-0,2-3,0.667,4,2.0,3,3,0,1,6-44,1933,32:13,12,3,3,3,2,36.2,3.0,Jameis Winston 18/29 250y 3TD 2INT sk 4-18 QBR 53.1,Cam Skattebo 18-58 0TD,Malik Nabers 6/7-112 1TD,3-16-8-9,defensive/ST TD,3-1,3-1,2-2,3,4.6,5.4,3
4,401872967,2026-10-04T17:00Z,DAL,HOU,away,2-2,34,30,4,W,3.0,130.0,W,7.0,48.5,64,O,22.8,6,28,16,14,73,399,5.5,397,7.6,-2.1,324,32/45,6.8,75,25,3.0,28,5-14,0.357,1-1,4-4,1.0,3,2.0,0,0,0,0,6-47,2007,33:27,10,4,2,0,1,32.3,3.4,Dak Prescott 32/45 335y 1TD 0INT sk 3-11 QBR 85.3,Javonte Williams 19-62 3TD,CeeDee Lamb 17/21-189 1TD,3-3-14-14,won despite YPP deficit; came back from 10+ at half,2-2,2-1-1,4-0,10,5.53,6.42,0
4,401872967,2026-10-04T17:00Z,HOU,DAL,home,0-4,30,34,-4,L,-3.0,-155.0,L,-7.0,48.5,64,O,25.8,16,14,6,28,52,397,7.6,399,5.5,2.1,335,21/31,10.2,62,19,3.3,16,3-10,0.3,0-0,2-2,1.0,2,3.0,0,0,0,0,13-90,1593,26:33,11,3,3,0,2,28.0,2.73,C.J. Stroud 21/31 347y 2TD 0INT sk 2-12 QBR 54.8,David Montgomery 10-24 0TD,Nico Collins 7/8-118 2TD,10-6-7-7,lost despite YPP edge; blew 10+ halftime lead,0-4,0-4,2-2,-25,5.5,5.53,1
4,401872968,2026-10-04T17:00Z,GB,TB,away,2-2,17,14,3,W,-2.5,-148.0,W,0.5,38.5,31,U,20.5,10,7,7,7,55,283,5.1,275,4.5,0.6,197,22/30,6.6,86,25,3.4,15,2-10,0.2,3-3,2-3,0.667,0,3.0,2,2,0,0,10-68,1810,30:10,10,2,1,2,2,37.1,1.7,Jordan Love 22/30 197y 2TD 1INT sk 0-0 QBR 63.9,Kaleb Johnson 8-42 0TD,Christian Watson 3/3-47 0TD,0-10-7-0,ATS within 1.5,2-2,1-3,2-2,-32,5.15,4.97,-2
4,401872968,2026-10-04T17:00Z,TB,GB,home,0-4,14,17,-3,L,2.5,124.0,L,-0.5,38.5,31,U,18.0,7,7,10,7,61,275,4.5,283,5.1,-0.6,134,19/27,4.5,141,31,4.5,19,5-12,0.417,2-3,2-2,1.0,3,0,2,2,0,0,4-17,1790,29:50,9,2,0,3,3,22.9,1.56,Jalon Daniels 19/27 148y 1TD 2INT sk 3-14 QBR 49.7,Bucky Irving 16-61 0TD,Cade Otton 4/6-37 0TD,0-7-0-7,ATS within 1.5,0-4,0-4,2-2,-20,4.67,4.95,-5
4,401872969,2026-10-04T17:00Z,JAX,CIN,away,3-1,22,17,5,W,2.5,124.0,W,7.5,51.5,39,U,24.5,13,9,3,14,54,323,6.0,437,6.2,-0.2,212,18/23,7.9,111,27,4.1,19,5-11,0.455,0-0,1-2,0.5,4,2.0,0,2,2,0,13-125,1746,29:06,9,2,3,0,1,28.0,2.44,Trevor Lawrence 18/23 227y 1TD 0INT sk 4-15 QBR 60.6,Bhayshul Tuten 17-73 0TD,Brenton Strange 7/8-95 0TD,3-10-3-6,TO margin +2,3-1,3-1,1-3,51,5.62,5.92,6
4,401872969,2026-10-04T17:00Z,CIN,JAX,home,2-2,17,22,-5,L,-2.5,-148.0,L,-7.5,51.5,39,U,27.0,3,14,13,9,71,437,6.2,323,6.0,0.2,414,39/54,7.4,23,15,1.5,26,5-12,0.417,1-2,2-4,0.5,2,4.0,2,0,-2,0,11-108,1854,30:54,9,2,1,3,0,23.7,1.89,Joe Burrow 39/54 428y 1TD 2INT sk 2-14 QBR 48.0,Chase Brown 9-10 0TD,Tee Higgins 11/16-157 0TD,0-3-7-7,TO margin -2,2-2,2-2,2-2,12,5.65,5.8,0
4,401872970,2026-10-04T17:00Z,LAR,PHI,away,2-2,24,20,4,W,-4.5,-198.0,L,-0.5,42.5,44,O,23.5,10,14,20,0,77,415,5.4,172,3.0,2.4,309,32/51,5.9,106,25,4.2,26,7-16,0.438,1-2,3-5,0.6,1,4.0,2,0,-2,0,8-100,1920,32:00,14,3,1,3,2,33.7,1.71,Matthew Stafford 32/51 317y 0TD 2INT sk 1-8 QBR 56.1,Kyren Williams 16-80 2TD,Puka Nacua 9/12-125 0TD,3-7-0-14,TO margin -2; ATS within 1.5; came back from 10+ at half,2-2,1-3,2-2,2,6.1,4.12,-5
4,401872970,2026-10-04T17:00Z,PHI,LAR,home,2-2,20,24,-4,L,4.5,164.0,W,0.5,42.5,44,O,19.0,20,0,10,14,58,172,3.0,415,5.4,-2.4,68,12/27,2.2,104,27,3.9,12,0-12,0.0,1-4,2-4,0.5,4,1.0,0,2,2,0,10-57,1680,28:00,13,2,2,3,5,40.4,1.54,Jalen Hurts 12/27 93y 2TD 0INT sk 4-25 QBR 37.6,Tank Bigsby 14-55 0TD,Darius Cooper 3/7-33 2TD,3-17-0-0,TO margin +2; ATS within 1.5; blew 10+ halftime lead,2-2,1-3,3-1,-18,4.75,5.23,-3
4,401872971,2026-10-04T17:00Z,NE,BUF,away,2-2,29,26,3,W,7.0,275.0,W,10.0,49.5,55,O,21.2,14,15,17,9,73,405,5.5,340,6.3,-0.8,262,22/37,6.9,143,35,4.1,26,5-12,0.417,2-2,3-3,1.0,1,1.0,2,2,0,0,6-35,2021,33:41,12,4,0,2,2,34.4,2.42,Drake Maye 22/37 269y 3TD 1INT sk 1-7 QBR 91.0,Drake Maye 8-54 0TD,Hunter Henry 5/5-62 0TD,7-7-7-8,won despite YPP deficit,2-2,2-1-1,1-3,-12,5.28,5.22,-5
4,401872971,2026-10-04T17:00Z,BUF,NE,home,3-1,26,29,-3,L,-7.0,-345.0,L,-10.0,49.5,55,O,28.2,17,9,14,15,54,340,6.3,405,5.5,0.8,249,23/33,7.3,91,20,4.6,19,6-12,0.5,1-1,2-4,0.5,1,1.0,2,2,0,0,5-31,1579,26:19,11,3,2,2,3,33.2,2.36,Josh Allen 23/33 253y 1TD 1INT sk 1-4 QBR 50.9,James Cook III 12-75 1TD,Keon Coleman 6/7-116 1TD,0-17-0-9,lost despite YPP edge,3-1,3-1,3-1,20,6.58,5.45,-2
4,401872972,2026-10-04T17:00Z,NYJ,CHI,away,1-3,12,23,-11,L,3.5,164.0,L,-7.5,43.5,35,U,20.0,3,9,13,10,32,157,4.9,492,5.5,-0.6,98,8/15,5.4,59,14,4.2,7,0-7,0.0,0-0,0-2,0.0,3,1.0,0,2,2,0,12-76,1035,17:15,8,1,2,0,3,35.4,1.5,Geno Smith 8/15 119y 1TD 0INT sk 3-21 QBR 30.1,Braelon Allen 14-59 0TD,Isaiah Williams 2/3-73 1TD,0-3-3-6,TO margin +2,1-3,2-1-1,1-3,-8,5.05,4.88,3
4,401872972,2026-10-04T17:00Z,CHI,NYJ,home,3-1,23,12,11,W,-3.5,-198.0,W,7.5,43.5,35,U,23.5,13,10,3,9,89,492,5.5,157,4.9,0.6,260,25/34,7.4,232,54,4.3,34,7-15,0.467,2-3,2-7,0.286,1,3.0,2,0,-2,0,4-29,2565,42:45,9,2,3,3,0,21.1,2.56,Tyson Bagent 25/34 268y 0TD 1INT sk 1-8 QBR 75.1,Kyle Monangai 30-146 2TD,Rome Odunze 6/7-94 0TD,7-6-7-3,TO margin -2; red-zone stalls,3-1,3-1,1-3,47,5.75,5.67,1
4,401872973,2026-10-04T17:00Z,TEN,BAL,away,0-4,18,24,-6,L,11.5,550.0,W,5.5,41.5,42,O,15.0,7,11,24,0,58,297,5.1,384,6.3,-1.2,212,20/31,6.6,85,26,3.3,21,2-10,0.2,1-2,2-4,0.5,1,2.0,2,0,-2,0,5-32,1612,26:52,11,2,1,3,3,22.1,1.64,Cam Ward 20/31 222y 1TD 1INT sk 1-10 QBR 48.3,Tony Pollard 16-48 1TD,Carnell Tate 9/12-145 0TD,7-0-3-8,TO margin -2,0-4,2-2,2-2,-28,4.85,5.22,-3
4,401872973,2026-10-04T17:00Z,BAL,TEN,home,3-1,24,18,6,W,-11.5,-800.0,L,-5.5,41.5,42,O,26.5,24,0,7,11,61,384,6.3,297,5.1,1.2,272,23/29,8.8,112,30,3.7,19,2-10,0.2,1-1,3-3,1.0,2,1.0,0,2,2,0,13-131,1988,33:08,12,3,1,0,2,32.2,2.0,Lamar Jackson 15/20 222y 2TD 0INT sk 2-13 QBR 72.5,Derrick Henry 23-73 1TD,Zay Flowers 8/10-118 1TD,7-17-0-0,TO margin +2,3-1,1-2-1,3-1,20,6.58,5.08,3
4,401872974,2026-10-04T20:05Z,MIA,MIN,away,0-4,10,15,-5,L,10.0,400.0,W,5.0,38.5,25,U,14.2,0,10,9,6,37,198,5.4,336,4.7,0.7,77,9/17,4.1,121,18,6.7,8,2-9,0.222,0-0,1-2,0.5,2,4.0,1,0,-1,0,9-55,1249,20:49,9,1,1,1,4,26.3,1.11,Malik Willis 9/17 85y 0TD 0INT sk 2-8 QBR 37.6,Ollie Gordon II 9-100 1TD,Malik Washington 5/5-67 0TD,0-0-10-0,,0-4,1-3,1-3,-55,5.15,5.9,-2
4,401872974,2026-10-04T20:05Z,MIN,MIA,home,4-0,15,10,5,W,-10.0,-535.0,L,-5.0,38.5,25,U,24.2,9,6,0,10,72,336,4.7,198,5.4,-0.7,213,27/37,5.2,123,31,4.0,20,8-18,0.444,1-1,0-3,0.0,4,2.0,0,1,1,0,11-85,2351,39:11,10,0,5,0,3,31.3,1.5,Kyler Murray 27/37 247y 0TD 0INT sk 4-34 QBR 41.5,Aaron Jones Sr. 20-94 0TD,T.J. Hockenson 13/13-119 0TD,3-6-3-3,red-zone stalls,4-0,3-1,1-3,35,4.4,4.92,5
4,401872975,2026-10-04T20:25Z,DEN,SF,away,2-2,14,24,-10,L,3.0,140.0,L,-7.0,48.5,38,U,22.8,3,11,3,21,64,296,4.6,358,5.5,-0.9,214,25/42,5.1,82,22,3.7,16,8-17,0.471,1-1,1-1,1.0,0,0,1,0,-1,0,7-44,1853,30:53,9,1,2,0,2,26.7,1.56,Bo Nix 25/42 214y 1TD 0INT sk 0-0 QBR 43.9,J.K. Dobbins 11-40 0TD,RJ Harvey 10/10-68 0TD,3-0-0-11,,2-2,2-2,1-3,-20,4.8,5.55,-1
4,401872975,2026-10-04T20:25Z,SF,DEN,home,4-0,24,14,10,W,-3.0,-166.0,W,7.0,48.5,38,U,25.8,3,21,3,11,65,358,5.5,296,4.6,0.9,218,19/30,7.3,140,35,4.0,20,6-13,0.462,1-2,2-3,0.667,0,0,0,1,1,0,1-5,1747,29:07,11,3,1,1,3,27.9,2.18,Brock Purdy 19/30 218y 2TD 0INT sk 0-0 QBR 67.5,Christian McCaffrey 15-52 1TD,Mike Evans 5/8-76 0TD,0-3-7-14,,4-0,3-1,2-2,58,6.97,4.82,1
4,401872976,2026-10-04T20:25Z,KC,LV,away,4-0,30,27,3,W,-3.5,-205.0,L,-0.5,47.5,57,O,25.5,10,20,13,14,58,399,6.9,437,5.6,1.3,210,15/30,6.6,189,26,7.3,18,5-13,0.385,1-2,3-4,0.75,2,0,0,2,2,0,8-59,1458,24:18,12,4,1,1,3,33.2,2.5,Patrick Mahomes 15/30 225y 2TD 0INT sk 2-15 QBR 63.6,Kenneth Walker III 22-177 2TD,Tyquan Thornton 5/8-111 2TD,7-3-0-20,TO margin +2; ATS within 1.5,4-0,2-2,2-2,41,6.58,4.85,5
4,401872976,2026-10-04T20:25Z,LV,KC,home,3-1,27,30,-3,L,3.5,170.0,W,0.5,47.5,57,O,22.0,13,14,10,20,78,437,5.6,399,6.9,-1.3,365,31/52,7.0,72,26,2.8,28,5-14,0.357,2-3,0-2,0.0,0,2.0,2,0,-2,0,6-30,2142,35:42,12,2,4,3,0,21.2,2.25,Kirk Cousins 31/52 365y 2TD 1INT sk 0-0 QBR 72.7,Ashton Jeanty 15-58 0TD,Brock Bowers 6/11-86 1TD,7-6-0-14,TO margin -2; ATS within 1.5,3-1,4-0,2-2,31,5.1,5.6,3
4,401872977,2026-10-04T20:25Z,LAC,SEA,away,0-4,23,30,-7,L,7.0,275.0,P,0.0,43.5,53,O,18.2,6,17,20,10,68,301,4.4,286,4.9,-0.5,154,19/32,4.3,147,32,4.6,20,5-15,0.333,2-2,2-3,0.667,4,3.0,4,1,-3,0,16-130,1859,30:59,13,2,3,3,4,25.2,1.77,Justin Herbert 19/31 189y 1TD 2INT sk 4-35 QBR 36.7,Omarion Hampton 9-45 1TD,Tre' Harris 3/5-60 0TD,3-3-7-10,TO margin -3; ATS within 1.5,0-4,0-3-1,1-3,-39,5.03,5.28,-3
4,401872977,2026-10-04T20:25Z,SEA,LAC,home,3-1,30,23,7,W,-7.0,-345.0,P,0.0,43.5,53,O,25.2,20,10,6,17,58,286,4.9,301,4.4,0.5,148,13/22,5.9,138,33,4.2,19,3-12,0.25,0-0,2-4,0.5,3,4.0,1,4,3,0,14-150,1741,29:01,14,4,1,1,3,43.5,2.14,Sam Darnold 13/22 168y 2TD 1INT sk 3-20 QBR 20.4,Emanuel Wilson 21-81 1TD,Jaxon Smith-Njigba 5/6-76 0TD,7-13-10-0,TO margin +3; ATS within 1.5,3-1,1-1-2,2-2,32,5.83,3.92,3
4,401872978,2026-10-05T00:20Z,DET,CAR,away,2-2,26,32,-6,L,-3.5,-192.0,L,-9.5,52.5,58,O,28.0,16,10,16,16,68,452,6.6,445,6.2,0.4,406,32/52,7.7,46,15,3.1,24,4-12,0.333,1-3,2-4,0.5,1,3.0,0,0,0,0,9-67,1605,26:45,10,2,4,2,1,26.3,2.6,Jared Goff 32/52 412y 1TD 0INT sk 1-6 QBR 71.3,Jahmyr Gibbs 15-46 1TD,Jameson Williams 6/8-102 0TD,3-13-3-7,,2-2,0-3-1,4-0,-8,5.85,5.92,3
4,401872978,2026-10-05T00:20Z,CAR,DET,home,2-2,32,26,6,W,3.5,160.0,W,9.5,52.5,58,O,24.5,16,16,16,10,72,445,6.2,452,6.6,-0.4,318,29/41,7.2,127,28,4.5,28,5-12,0.417,2-2,3-4,0.75,3,1.0,0,0,0,0,8-60,1995,33:15,10,4,2,0,1,29.8,3.2,Bryce Young 29/41 329y 2TD 0INT sk 3-11 QBR 85.4,Chuba Hubbard 20-122 2TD,Tetairoa McMillan 14/16-192 2TD,7-9-13-3,,2-2,2-2,2-2,12,6.12,5.72,3
4,401872979,2026-10-06T00:15Z,ATL,NO,away,2-2,45,24,21,W,1.5,-105.0,W,22.5,48.5,69,O,23.5,24,21,7,17,56,420,7.5,320,4.6,2.9,215,15/20,10.2,205,35,5.9,24,4-8,0.5,0-0,4-5,0.8,1,2.0,0,1,1,0,8-70,1845,30:45,11,6,1,0,1,36.5,4.09,Michael Penix Jr. 15/20 223y 1TD 0INT sk 1-8 QBR 79.6,Bijan Robinson 19-145 2TD,Drake London 5/6-96 0TD,14-10-7-14,,2-2,2-2,2-2,4,5.88,4.9,-5
4,401872979,2026-10-06T00:15Z,NO,ATL,home,1-3,24,45,-21,L,-1.5,-115.0,L,-22.5,48.5,69,O,25.0,7,17,24,21,69,320,4.6,420,7.5,-2.9,270,30/48,5.4,50,19,2.6,22,6-15,0.4,3-4,3-4,0.75,2,1.0,1,0,-1,0,8-49,1755,29:15,10,3,1,2,2,27.6,2.4,Tyler Shough 30/48 286y 1TD 0INT sk 2-16 QBR 69.4,Alvin Kamara 7-23 2TD,Chris Olave 8/12-116 0TD,0-7-3-14,,1-3,2-2,3-1,-23,5.03,5.9,-5
